"Variables ->","Short","Long","Infl","Growth","Wage","Y","N","W","Q","H","A","dA","P","R","R20","R20exp","term20","Pk","Rk","Lambda","dP","d4P","dW","RMC","Mp","Mw","Ey","Ep","Ea","Er","Eterm20","Ew","ttrend","alpha","beta","gamma","delta","k","pi","eta","psi","chi","xiw","xip","rhoa","rhor","kappap","kappan","rhoterm20","Short_","Long_","Infl_","Growth_","Wage_","std_Mp","std_Mw","std_Ey","std_Ep","std_Ea","std_Er","std_Eterm20","std_Ew"
"Comments ->","Short term rate","Long term rate","Price inflation","Output growth","Wage inflation","Output","Labor","Wage rate","Nominal marginal cost","Consumption habit","Productivity","Rate of change in productivity","Final prices","Interest rate","5-year interest rate","5-Year expectations of short rates","5-year term premium","Price of capital","Rental price of capital","Households shadow value of wealth","Inflation Q/Q","Inflation Y/Y","Wage inflation Q/Q","Real marginal cost","Measurement error on price inflation","Measurement error on wage inflation","Consumption demand shock","Cost push shock","Productivity shock","Policy shock","Long-term rate shock","Wage shock","Time trend","","","","","","","","","","","","","","","","","","","","","","","","","","","","",""
"Class[Size] ->","Series[44-by-1]","Series[44-by-1]","Series[44-by-1]","Series[44-by-1]","Series[44-by-1]","Series[44-by-1]","Series[44-by-1]","Series[44-by-1]","Series[44-by-1]","Series[44-by-1]","Series[44-by-1]","Series[44-by-1]","Series[44-by-1]","Series[44-by-1]","Series[44-by-1]","Series[44-by-1]","Series[44-by-1]","Series[44-by-1]","Series[44-by-1]","Series[44-by-1]","Series[44-by-1]","Series[44-by-1]","Series[44-by-1]","Series[44-by-1]","Series[44-by-1]","Series[44-by-1]","Series[44-by-1]","Series[44-by-1]","Series[44-by-1]","Series[44-by-1]","Series[44-by-1]","Series[44-by-1]","Series[44-by-1]","double[1-by-1]","double[1-by-1]","double[1-by-1]","double[1-by-1]","double[1-by-1]","double[1-by-1]","double[1-by-1]","double[1-by-1]","double[1-by-1]","double[1-by-1]","double[1-by-1]","double[1-by-1]","double[1-by-1]","double[1-by-1]","double[1-by-1]","double[1-by-1]","double[1-by-1]","double[1-by-1]","double[1-by-1]","double[1-by-1]","double[1-by-1]","double[1-by-1]","double[1-by-1]","double[1-by-1]","double[1-by-1]","double[1-by-1]","double[1-by-1]","double[1-by-1]","double[1-by-1]"
"2011Q2",NaN,NaN,NaN,NaN,NaN,NaN,NaN,NaN,NaN,NaN,NaN,NaN,0.9816509720250112,NaN,NaN,NaN,NaN,NaN,NaN,NaN,NaN,NaN,NaN,NaN,NaN,NaN,NaN,NaN,NaN,NaN,NaN,NaN,NaN,1.0074170717777329,0.9962287197546357,0.6000000000000000,0.0300000000000000,10.0000000000000000,1.0061922463256359,6.0000000000000000,0.2500000000000000,0.8500000000000000,60.0000000000000000,300.0000000000000000,0.9000000000000000,0.8500000000000000,3.5000000000000000,0.0000000000000000,0.8000000000000000,0.0000000000000000,0.0000000000000000,0.0000000000000000,0.0000000000000000,0.0000000000000000,0.0000000000000000,0.0000000000000000,0.0099503308531681,0.0099503308531681,0.0010000000000000,0.0010000000000000,0.0099503308531681,0.0099503308531681
"2011Q3",NaN,NaN,NaN,NaN,NaN,NaN,NaN,NaN,NaN,NaN,NaN,NaN,0.9877295966495898,NaN,NaN,NaN,NaN,NaN,NaN,NaN,NaN,NaN,NaN,NaN,NaN,NaN,NaN,NaN,NaN,NaN,NaN,NaN,NaN,NaN,NaN,NaN,NaN,NaN,NaN,NaN,NaN,NaN,NaN,NaN,NaN,NaN,NaN,NaN,NaN,NaN,NaN,NaN,NaN,NaN,NaN,NaN,NaN,NaN,NaN,NaN,NaN,NaN
"2011Q4",NaN,NaN,NaN,NaN,NaN,NaN,NaN,NaN,NaN,NaN,NaN,NaN,0.9938458616151651,NaN,NaN,NaN,NaN,NaN,NaN,NaN,NaN,NaN,NaN,NaN,NaN,NaN,NaN,NaN,NaN,NaN,NaN,NaN,NaN,NaN,NaN,NaN,NaN,NaN,NaN,NaN,NaN,NaN,NaN,NaN,NaN,NaN,NaN,NaN,NaN,NaN,NaN,NaN,NaN,NaN,NaN,NaN,NaN,NaN,NaN,NaN,NaN,NaN
"2012Q1",NaN,NaN,NaN,NaN,NaN,1.5519465293293773,NaN,1.7313525130113012,NaN,NaN,1.0000000000000000,1.0074170717777329,1.0000000000000000,1.0174924957880032,NaN,NaN,0.0000000000000000,NaN,NaN,NaN,1.0061922463256359,NaN,1.0136552464388315,NaN,NaN,NaN,NaN,NaN,NaN,NaN,NaN,NaN,NaN,NaN,NaN,NaN,NaN,NaN,NaN,NaN,NaN,NaN,NaN,NaN,NaN,NaN,NaN,NaN,NaN,NaN,NaN,NaN,NaN,NaN,NaN,NaN,NaN,NaN,NaN,NaN,NaN,NaN
"2012Q2",7.7181784393441522,9.0245317930021169,4.9893729970327083,5.3901573118463872,8.9573666727835679,1.5725539566752698,0.7503475638913351,1.7691074417857240,0.8466672821700414,1.5718442868019225,1.0087332378029552,1.0087332378029550,1.0123200690274032,1.0187640246581693,1.0218729567422484,1.0188659288746451,0.0029470012700663,1.5719534450049193,0.0532571993825598,0.6265644263053514,1.0123200690274032,1.0312423640136841,1.0218066098559886,0.8363632294512208,0.0000000000000000,0.0000000000000000,0.0053499659273602,0.0067035249259388,0.0013056231035304,-0.0004277428227131,0.0029470012700663,0.0086627423960081,1.0000000000000000,NaN,NaN,NaN,NaN,NaN,NaN,NaN,NaN,NaN,NaN,NaN,NaN,NaN,NaN,NaN,NaN,NaN,NaN,NaN,NaN,NaN,NaN,NaN,NaN,NaN,NaN,NaN,NaN,NaN
"2012Q3",7.5706004308977333,0.1992102430314682,1.1198438909517738,0.9641841326264970,7.5901053428289744,1.5764089149574934,0.7449219138277924,1.8018424808306936,0.8498830855125382,1.5740750334874298,1.0185711807317703,1.0097527696720319,1.0151655608591699,1.0184134054937721,1.0010529753063853,1.0179424200286633,-0.0167309333540094,1.5895424254825739,0.0535905309069419,0.6196522282808118,1.0028108618201164,1.0277767967089817,1.0185037032074926,0.8371866799670126,0.0000000000000000,0.0000000000000000,-0.0064229027997383,-0.0104485679217852,0.0011407570325391,0.0001637943270962,-0.0190885343700624,-0.0013794053727947,2.0000000000000000,NaN,NaN,NaN,NaN,NaN,NaN,NaN,NaN,NaN,NaN,NaN,NaN,NaN,NaN,NaN,NaN,NaN,NaN,NaN,NaN,NaN,NaN,NaN,NaN,NaN,NaN,NaN,NaN,NaN
"2012Q4",6.7462284269421771,-0.0275384477150812,-2.9801040097724076,6.8505945536411019,7.8890516131711648,1.6030133879989994,0.7499237624940046,1.8364828259083648,0.8614000834117899,1.6028944342201674,1.0288529015064101,1.0100942584761261,1.0078897202455215,1.0164570623933287,1.0005236749852999,1.0170884421903257,-0.0164205391755142,1.6000695734024388,0.0552334346453022,0.6186816085448470,0.9928328531875231,1.0141308216623584,1.0192249574789143,0.8546570781592587,0.0000000000000000,0.0000000000000000,0.0092718941781747,-0.0138325747013841,0.0005697151189967,-0.0001344652992971,-0.0030357924923067,0.0072021136656967,3.0000000000000000,NaN,NaN,NaN,NaN,NaN,NaN,NaN,NaN,NaN,NaN,NaN,NaN,NaN,NaN,NaN,NaN,NaN,NaN,NaN,NaN,NaN,NaN,NaN,NaN,NaN,NaN,NaN,NaN,NaN
"2013Q1",6.6854361991740667,2.9025985541948134,2.9712624288952081,0.8787535020176110,5.6404297698050048,1.6066098399515045,0.7444026482168933,1.8618488978610657,0.8606776413741908,1.6001286482443813,1.0388091477683363,1.0096770357038878,1.0152971546527114,1.0163129433219031,1.0073851165806416,1.0181067895397760,-0.0105868338134683,1.6426358066918365,0.0553109267063211,0.5991677804292416,1.0073494493081896,1.0152971546527116,1.0138123110082200,0.8477100890414601,0.0000000000000000,0.0000000000000000,-0.0091908948264478,0.0138629027545856,-0.0001477435192095,-0.0011574726165696,0.0025495975269430,-0.0050864404730177,4.0000000000000000,NaN,NaN,NaN,NaN,NaN,NaN,NaN,NaN,NaN,NaN,NaN,NaN,NaN,NaN,NaN,NaN,NaN,NaN,NaN,NaN,NaN,NaN,NaN,NaN,NaN,NaN,NaN,NaN,NaN
"2013Q2",7.4972848469885696,5.1672046764851300,4.2017873027039307,5.8548125800903819,5.4232822008274013,1.6297801472798681,0.7473596203193651,1.8865949932280761,0.8654175516094753,1.6247778834771736,1.0496213265310690,1.0104082436951582,1.0258332269843160,1.0182392655414376,1.0127203184653899,1.0188057667115720,-0.0059910295933392,1.6718290737033041,0.0564176137888269,0.5877993159291945,1.0103773287291526,1.0133487010386901,1.0132911405406957,0.8436240207909611,0.0000000000000000,0.0000000000000000,0.0038551493437129,0.0031555900575731,0.0009480190296180,0.0004902451886177,0.0024784374574355,-0.0025191226334789,5.0000000000000000,NaN,NaN,NaN,NaN,NaN,NaN,NaN,NaN,NaN,NaN,NaN,NaN,NaN,NaN,NaN,NaN,NaN,NaN,NaN,NaN,NaN,NaN,NaN,NaN,NaN,NaN,NaN,NaN,NaN
"2013Q3",6.7219403446426202,12.7411695107281098,-1.1307705475622112,1.2103810687786443,7.1119313286899279,1.6347519691940005,0.7419147361073070,1.9193294824834739,0.8671235670304988,1.6291062056511363,1.0605499412429675,1.0104119594711520,1.0230852347902200,1.0163994806099976,1.0307700077124173,1.0173364624228860,0.0131182027204266,1.6814812187369070,0.0567012783495053,0.5863032621756241,0.9973212096061908,1.0078013619023363,1.0173510951597446,0.8475575030738269,0.0000000000000000,0.0000000000000000,-0.0078033029787293,-0.0156257734815186,0.0003001525232855,-0.0006888165921093,0.0179110263950980,0.0080267469402434,6.0000000000000000,NaN,NaN,NaN,NaN,NaN,NaN,NaN,NaN,NaN,NaN,NaN,NaN,NaN,NaN,NaN,NaN,NaN,NaN,NaN,NaN,NaN,NaN,NaN,NaN,NaN,NaN,NaN,NaN,NaN
"2013Q4",6.7126580762845629,5.3191093548209940,2.6391259500328257,5.3760677852984902,6.3002130836010988,1.6564022771084899,0.7435634688614789,1.9488823306231680,0.8721875232321803,1.6477126827415349,1.0722128959321573,1.0109970820190897,1.0297698047164479,1.0163774752234274,1.0130792013624950,1.0183933794854219,-0.0052318601735725,1.7271560644938895,0.0577877359818959,0.5690487411081171,1.0065337370718663,1.0217088080485597,1.0153974856372525,0.8469732936793011,0.0000000000000000,0.0000000000000000,0.0005072806880354,0.0083164254634377,0.0008757682245037,-0.0010336861491092,-0.0157264223499138,-0.0023969616943310,7.0000000000000000,NaN,NaN,NaN,NaN,NaN,NaN,NaN,NaN,NaN,NaN,NaN,NaN,NaN,NaN,NaN,NaN,NaN,NaN,NaN,NaN,NaN,NaN,NaN,NaN,NaN,NaN,NaN,NaN,NaN
"2014Q1",6.1061231294686751,4.9033776218621776,-4.1298856450156087,4.5547785800150695,5.9659129035575207,1.6749970136831027,0.7441290854118241,1.9773243135565268,0.8762021849170278,1.6704697085465718,1.0834253910473728,1.0104573402891854,1.0195261770381943,1.0149406007056401,1.0120973151138331,1.0165301850809294,-0.0043703213352005,1.7151192149694088,0.0587054417247453,0.5766692563982170,0.9900525072386696,1.0041653050696568,1.0145939970240607,0.8594209787358928,0.0000000000000000,0.0000000000000000,0.0010672015023226,-0.0210154362087030,-0.0001792779454855,0.0006043258089723,-0.0001848331963425,0.0056384941509923,8.0000000000000000,NaN,NaN,NaN,NaN,NaN,NaN,NaN,NaN,NaN,NaN,NaN,NaN,NaN,NaN,NaN,NaN,NaN,NaN,NaN,NaN,NaN,NaN,NaN,NaN,NaN,NaN,NaN,NaN,NaN
"2014Q2",5.1699083247717903,-2.1312512273533928,-2.7047487498224707,3.5720016727106505,5.4990892190541345,1.6897649501905669,0.7443051458902779,2.0039649080975308,0.8805935763382531,1.6842967218555589,1.0927190847869883,1.0085780652884928,1.0128991160863050,1.0127267048671524,0.9956262939675936,1.0162156531026521,-0.0204688822888521,1.7277123474936913,0.0595198464263737,0.5736283099558984,0.9934998618955116,0.9873916046412010,1.0134730526289271,0.8693793511645452,0.0000000000000000,0.0000000000000000,-0.0018529820346226,-0.0009041043101433,-0.0015602237924494,-0.0013562191038266,-0.0169726252206917,0.0070763995310003,9.0000000000000000,NaN,NaN,NaN,NaN,NaN,NaN,NaN,NaN,NaN,NaN,NaN,NaN,NaN,NaN,NaN,NaN,NaN,NaN,NaN,NaN,NaN,NaN,NaN,NaN,NaN,NaN,NaN,NaN,NaN
"2014Q3",4.3431778082392292,-4.6596247059747933,-2.3848884602357949,3.6256569228058502,1.0038902544005868,1.7048851058370851,0.7459111470462438,2.0094603576559336,0.8783268335105907,1.7001458454551770,1.1001230688084589,1.0067757433036084,1.0071005120412937,1.0107757253140279,0.9897720236695152,1.0154217570881956,-0.0255846919058020,1.7317075282408760,0.0598978534603702,0.5732993070264677,0.9942752402949898,0.9843759618403605,1.0027422883186214,0.8721342338812923,0.0000000000000000,0.0000000000000000,-0.0012650982684769,-0.0032825580303868,-0.0016734134004641,-0.0012550276396105,-0.0092095860747203,-0.0054962962520135,10.0000000000000000,NaN,NaN,NaN,NaN,NaN,NaN,NaN,NaN,NaN,NaN,NaN,NaN,NaN,NaN,NaN,NaN,NaN,NaN,NaN,NaN,NaN,NaN,NaN,NaN,NaN,NaN,NaN,NaN,NaN
"2014Q4",4.7246022835235104,-4.5888414180954173,-2.6649250928861603,8.6039694543748215,0.0729057807561799,1.7410515852730124,0.7552481167079088,2.0105336517740588,0.8785688243301462,1.7390234839220777,1.1095713649688057,1.0085883992693472,1.0006514090503058,1.0116753714341113,0.9899354480722117,1.0161033425833117,-0.0260906010715464,1.7417004327327124,0.0611853457748579,0.5702130175053935,0.9935963660887074,0.9717233933906619,1.0005341205732357,0.8779968892103741,0.0000000000000000,0.0000000000000000,0.0124363171295074,-0.0051110263066868,0.0017351567117714,0.0012498838214535,-0.0056228475469048,0.0002516590458924,11.0000000000000000,NaN,NaN,NaN,NaN,NaN,NaN,NaN,NaN,NaN,NaN,NaN,NaN,NaN,NaN,NaN,NaN,NaN,NaN,NaN,NaN,NaN,NaN,NaN,NaN,NaN,NaN,NaN,NaN,NaN
"2015Q1",4.3667101013284757,0.7250114975831748,-4.5842336959852581,3.2832701181845065,0.6207342426641995,1.7551714411612553,0.7566414197182016,2.0142187693551330,0.8757845442315019,1.7579488822394509,1.1165101731215334,1.0062535933891217,0.9896001872880320,1.0108312065490712,1.0022814328944671,1.0150533199620366,-0.0126623087183785,1.7181390772574938,0.0614860808258223,0.5809141832339484,0.9889559724172454,0.9706471590193990,1.0018329051979922,0.8849882563498315,0.0000000000000000,0.0000000000000000,0.0022687310282404,-0.0103020056913324,-0.0022014051432126,0.0005049759203704,0.0082101721388586,0.0091612663183450,12.0000000000000000,NaN,NaN,NaN,NaN,NaN,NaN,NaN,NaN,NaN,NaN,NaN,NaN,NaN,NaN,NaN,NaN,NaN,NaN,NaN,NaN,NaN,NaN,NaN,NaN,NaN,NaN,NaN,NaN,NaN
"2015Q2",3.7598206888293841,0.3247195785958673,-4.4371570270378395,3.3182830785219832,-5.6936167227227603,1.7695561841432910,0.7573539936177393,1.9879627145266410,0.8586880267925765,1.7691122088151752,1.1246015783058556,1.0072470501201976,0.9790221508732935,1.0094013383576224,1.0013460726017431,1.0148069865758504,-0.0133532659436524,1.7269883565368782,0.0607798683224242,0.5764021494018362,0.9893107978852276,0.9665544527831094,0.9869646459322300,0.8770874346679713,0.0000000000000000,0.0000000000000000,0.0005216038348724,-0.0043639600949361,0.0008712376491066,0.0003035549055352,-0.0032234189689496,-0.0169493643729382,13.0000000000000000,NaN,NaN,NaN,NaN,NaN,NaN,NaN,NaN,NaN,NaN,NaN,NaN,NaN,NaN,NaN,NaN,NaN,NaN,NaN,NaN,NaN,NaN,NaN,NaN,NaN,NaN,NaN,NaN,NaN
"2015Q3",3.9842275158564471,-1.0506942357878213,-1.1575563252108489,7.2996646557819265,1.5272332309316208,1.8013827267770051,0.7647959489260754,1.9958861878201115,0.8607936855974661,1.8016312782804718,1.1336883075117501,1.0080799541643743,0.9763357685033988,1.0099298185991501,0.9981387969667697,1.0165231795521139,-0.0182510943476918,1.7497072800107909,0.0620247550621596,0.5690289300234298,0.9972560555780088,0.9694521617553965,1.0039857253033830,0.8816574311488717,0.0000000000000000,0.0000000000000000,0.0105740479197980,0.0037686075273516,0.0008096912608906,-0.0005789710795469,-0.0075684815927699,0.0184016979893702,14.0000000000000000,NaN,NaN,NaN,NaN,NaN,NaN,NaN,NaN,NaN,NaN,NaN,NaN,NaN,NaN,NaN,NaN,NaN,NaN,NaN,NaN,NaN,NaN,NaN,NaN,NaN,NaN,NaN,NaN,NaN
"2015Q4",3.8340184926506886,4.2918196402944302,-3.2613039693165193,0.6402130302679763,-2.8011927947367465,1.8043792265616700,0.7594160822047520,1.9834074744085435,0.8440025772085360,1.8020852684857798,1.1436187860377571,1.0087594433674654,0.9686736305726258,1.0095760442918786,1.0106546505967637,1.0157070659146141,-0.0049866968435164,1.7492259268702655,0.0609160286991838,0.5680204510481699,0.9921521486992964,0.9680430385762119,0.9937477830711394,0.8712971537272145,0.0000000000000000,0.0000000000000000,-0.0069997752336731,-0.0094183267135030,0.0007395944569496,0.0003166512170239,0.0096141786346370,-0.0138753379468239,15.0000000000000000,NaN,NaN,NaN,NaN,NaN,NaN,NaN,NaN,NaN,NaN,NaN,NaN,NaN,NaN,NaN,NaN,NaN,NaN,NaN,NaN,NaN,NaN,NaN,NaN,NaN,NaN,NaN,NaN,NaN
"2016Q1",3.2783628935289486,1.2788127806477965,-5.6428891947217288,6.9265239419198981,-5.3348178395768233,1.8351692513228715,0.7646253944607155,1.9592169588947228,0.8291140331029492,1.8335360438725090,1.1552092524908877,1.0101349038636269,0.9555051871532416,1.0082684335543166,1.0035769385581168,1.0153203828224933,-0.0116336542607292,1.7523207287552764,0.0608625831756331,0.5674135269351399,0.9864056964040616,0.9655466919138056,0.9878035573496898,0.8677232151644803,0.0000000000000000,0.0000000000000000,0.0086400524537797,-0.0108645620139207,0.0014957482478571,0.0005269948613758,-0.0076442967859160,-0.0145566352038165,16.0000000000000000,NaN,NaN,NaN,NaN,NaN,NaN,NaN,NaN,NaN,NaN,NaN,NaN,NaN,NaN,NaN,NaN,NaN,NaN,NaN,NaN,NaN,NaN,NaN,NaN,NaN,NaN,NaN,NaN,NaN
"2016Q2",3.5713622853196063,10.7091727872362590,-0.1643088018980484,0.4524404802237579,1.9429898419896254,1.8373843584989817,0.7586925603298802,1.9689633605766368,0.8214995399261766,1.8315107014860685,1.1656480508550198,1.0090362835491695,0.9551945446350073,1.0089577306487618,1.0258961690400268,1.0167056426396470,0.0089989036225107,1.7717298193606121,0.0603764162069787,0.5595363990830756,0.9996748918557316,0.9756618313313630,1.0049746413421272,0.8600337434298084,0.0000000000000000,0.0000000000000000,-0.0093852666299663,0.0105093200296719,-0.0008187705251163,-0.0008265451853855,0.0183058270310941,0.0126421260965393,17.0000000000000000,NaN,NaN,NaN,NaN,NaN,NaN,NaN,NaN,NaN,NaN,NaN,NaN,NaN,NaN,NaN,NaN,NaN,NaN,NaN,NaN,NaN,NaN,NaN,NaN,NaN,NaN,NaN,NaN,NaN
"2016Q3",4.1877616076203390,13.3186526466918540,-5.4284327001224639,3.0020261715294807,3.5393251574206896,1.8510214732706782,0.7578274706021291,1.9862523020826850,0.8210448080455839,1.8514298554683224,1.1756400300588570,1.0085720378432477,0.9427023052884718,1.0104093826273335,1.0321593483857656,1.0155622091532495,0.0162107026993233,1.7359538788343678,0.0607908628083911,0.5737951504990608,0.9869217852879292,0.9655513356163498,1.0087807329746274,0.8709481279928979,0.0000000000000000,0.0000000000000000,0.0002255188739739,-0.0185577865745668,-0.0002995940839307,0.0024983740679235,0.0090115798013147,0.0083476995540238,18.0000000000000000,NaN,NaN,NaN,NaN,NaN,NaN,NaN,NaN,NaN,NaN,NaN,NaN,NaN,NaN,NaN,NaN,NaN,NaN,NaN,NaN,NaN,NaN,NaN,NaN,NaN,NaN,NaN,NaN,NaN
"2016Q4",4.4799112029662922,16.8361777757788431,-4.2151365115143857,5.8154194537871025,-0.3355457354427189,1.8775371236008387,0.7624123496582307,1.9853919863174547,0.8172738407615729,1.8804128093223285,1.1853097661263732,1.0082250823553802,0.9331307358701405,1.0110981392493172,1.0406625389428088,1.0157177521373959,0.0242620594470845,1.7301347458608891,0.0613784790471077,0.5757519598392872,0.9898466680683440,0.9633076677420503,0.9995668648115207,0.8758406612761165,0.0000000000000000,0.0000000000000000,0.0083639971775566,-0.0020240689489307,-0.0002294852353935,0.0017388986310533,0.0112934972876259,-0.0078675887172465,19.0000000000000000,NaN,NaN,NaN,NaN,NaN,NaN,NaN,NaN,NaN,NaN,NaN,NaN,NaN,NaN,NaN,NaN,NaN,NaN,NaN,NaN,NaN,NaN,NaN,NaN,NaN,NaN,NaN,NaN,NaN
"2017Q1",4.1618523905963469,19.5415824063284020,-2.6293065182657500,9.0477268381438432,-5.8348897717033008,1.9194324176842124,0.7731028965389108,1.9588562882188481,0.8072695651807995,1.9256456474593893,1.1950023994255159,1.0081772997879015,0.9272358579658720,1.0103483230651920,1.0472501549475364,1.0159104420417642,0.0303826311272101,1.7408269699513055,0.0619799749287146,0.5722560448537121,0.9936826880975350,0.9704142587947713,0.9866345294624536,0.8706194419095813,0.0000000000000000,0.0000000000000000,0.0179107348719327,0.0002185444114627,0.0000327801337309,0.0001307082057763,0.0109729835695425,-0.0214126567444008,20.0000000000000000,NaN,NaN,NaN,NaN,NaN,NaN,NaN,NaN,NaN,NaN,NaN,NaN,NaN,NaN,NaN,NaN,NaN,NaN,NaN,NaN,NaN,NaN,NaN,NaN,NaN,NaN,NaN,NaN,NaN
"2017Q2",3.7425073856245050,14.6736511042362547,-1.9671937855895991,-0.7440782106711616,-5.4743570866636624,1.9161762400347540,0.7667053551760689,1.9343259510536446,0.7875322808841864,1.9203699553134257,1.2029295857665523,1.0066336154177153,0.9228673640120915,1.0093605768544556,1.0354266345370977,1.0153689029760002,0.0195615513962287,1.7381873720011678,0.0603620257956261,0.5725395455429202,0.9952886917430438,0.9661564434130344,0.9874772144782975,0.8533537012951171,0.0000000000000000,0.0000000000000000,-0.0069013745702583,-0.0009292028907290,-0.0014569023886178,-0.0001512203598816,-0.0047445535055394,-0.0092085723926207,21.0000000000000000,NaN,NaN,NaN,NaN,NaN,NaN,NaN,NaN,NaN,NaN,NaN,NaN,NaN,NaN,NaN,NaN,NaN,NaN,NaN,NaN,NaN,NaN,NaN,NaN,NaN,NaN,NaN,NaN,NaN
"2017Q3",5.3624504559058295,6.6108609774967206,5.4118098199695321,4.2199570180044290,3.2144171665867640,1.9361131258457809,0.7697311552422759,1.9498100340999789,0.7908364468652443,1.9416627089697018,1.2106675900411243,1.0064326327709705,0.9352002257341985,1.0131816203411803,1.0161361770560162,1.0180301605659356,-0.0018621722542564,1.7669816182452709,0.0612459530069216,0.5613176227163971,1.0133636340421563,0.9920419420720759,1.0080048985735317,0.8456332933884629,0.0000000000000000,0.0000000000000000,0.0058233132871850,0.0184897640919908,-0.0002774772001622,0.0004307748582118,-0.0175114133712393,0.0135663062612581,22.0000000000000000,NaN,NaN,NaN,NaN,NaN,NaN,NaN,NaN,NaN,NaN,NaN,NaN,NaN,NaN,NaN,NaN,NaN,NaN,NaN,NaN,NaN,NaN,NaN,NaN,NaN,NaN,NaN,NaN,NaN
"2017Q4",5.6549129090582042,-3.3014414206519187,2.8822887401353121,2.1870842033713038,1.9077715139272979,1.9466287376250073,0.7682124563220447,1.9593462303376561,0.7878138756685406,1.9529646082329375,1.2196494883747380,1.0074189632294595,0.9418690161564829,1.0138730065425479,0.9929125091530502,1.0175685522833227,-0.0245287357353781,1.7840989185528655,0.0613432452110446,0.5555503176128682,1.0071308691323819,1.0093644758986469,1.0048908335021876,0.8364367679100431,0.0000000000000000,0.0000000000000000,0.0012764095065893,-0.0062205848633218,0.0008817795096127,-0.0004783172222917,-0.0230389979319730,-0.0122987353847051,23.0000000000000000,NaN,NaN,NaN,NaN,NaN,NaN,NaN,NaN,NaN,NaN,NaN,NaN,NaN,NaN,NaN,NaN,NaN,NaN,NaN,NaN,NaN,NaN,NaN,NaN,NaN,NaN,NaN,NaN,NaN
"2018Q1",5.7862594521504134,-0.6488694507405842,2.5663402129379040,2.4332845471863243,3.6805108877853652,1.9583713843938666,0.7679536469617371,1.9772116485120854,0.7897866349345342,1.9674058597075939,1.2274202945119645,1.0063713437436699,0.9478546567032065,1.0141836655024341,0.9990747333759515,1.0173338893868993,-0.0181110662809129,1.7951172511048707,0.0618678218253007,0.5529556893908191,1.0063550668341863,1.0222368435821358,1.0091180506527171,0.8332360128730509,0.0000000000000000,0.0000000000000000,0.0032271280479789,-0.0008682461431364,-0.0010402577961224,-0.0005858704752729,0.0015119223073896,-0.0024493011724334,24.0000000000000000,NaN,NaN,NaN,NaN,NaN,NaN,NaN,NaN,NaN,NaN,NaN,NaN,NaN,NaN,NaN,NaN,NaN,NaN,NaN,NaN,NaN,NaN,NaN,NaN,NaN,NaN,NaN,NaN,NaN
"2018Q2",5.7189874718111380,-0.3570558267574504,3.4634409050706330,3.8478187143411189,1.9453245374285961,1.9769607970470513,0.7700057001702876,1.9870585527902820,0.7897612784247399,1.9855303911021125,1.2357692078170155,1.0068020003762201,0.9559677553800952,1.0140245428897152,0.9997549801603641,1.0175557867681158,-0.0176485139840844,1.8279163311411184,0.0624530834588589,0.5422548278127742,1.0085594332628036,1.0358668999021730,1.0049801973833234,0.8261379884206750,0.0000000000000000,0.0000000000000000,0.0063831759328606,0.0029682451372872,0.0003239818040912,-0.0011891550508940,-0.0031596609593541,-0.0156907955141807,25.0000000000000000,NaN,NaN,NaN,NaN,NaN,NaN,NaN,NaN,NaN,NaN,NaN,NaN,NaN,NaN,NaN,NaN,NaN,NaN,NaN,NaN,NaN,NaN,NaN,NaN,NaN,NaN,NaN,NaN,NaN
"2018Q3",6.3018173251796936,3.6639735827895681,4.6172868191810679,2.6152084957629755,3.8286977023698552,1.9897648284100315,0.7706300220385078,2.0058804015627358,0.7931825562718343,2.0019509035587300,1.2427651840648075,1.0056612320516953,0.9668674872306516,1.0154039759630618,1.0091757017896512,1.0177633246157831,-0.0084735397537208,1.8429510416433850,0.0631298701191222,0.5380931189488685,1.0114017777160516,1.0338614776013257,1.0094722164810011,0.8203632522008842,0.0000000000000000,0.0000000000000000,0.0051717418590290,0.0043552327228498,-0.0011947765824998,-0.0000924560354109,0.0056452714335467,-0.0054927747909668,26.0000000000000000,NaN,NaN,NaN,NaN,NaN,NaN,NaN,NaN,NaN,NaN,NaN,NaN,NaN,NaN,NaN,NaN,NaN,NaN,NaN,NaN,NaN,NaN,NaN,NaN,NaN,NaN,NaN,NaN,NaN
"2018Q4",6.2981333461552893,5.6022889494862707,4.1729923284913504,-8.1986294623753491,9.8167473611514389,1.9507716576363685,0.7516702531620475,2.0537970811370574,0.7946758778908320,1.9542135120975861,1.2491434809552557,1.0051323427564860,0.9768323820294991,1.0153952508855952,1.0137485678100264,1.0174001700894542,-0.0035956069050014,1.8658928266830450,0.0620092471838694,0.5300438147934030,1.0103063707596471,1.0371212613147553,1.0238881039652170,0.8135232743203983,0.0000000000000000,0.0000000000000000,-0.0254183387425107,0.0001609748690423,-0.0007004936314868,-0.0012944654478573,0.0031832248979752,0.0125394585935909,27.0000000000000000,NaN,NaN,NaN,NaN,NaN,NaN,NaN,NaN,NaN,NaN,NaN,NaN,NaN,NaN,NaN,NaN,NaN,NaN,NaN,NaN,NaN,NaN,NaN,NaN,NaN,NaN,NaN,NaN,NaN
"2019Q1",6.0564747561968701,-0.1262262547168666,-0.4768565843542537,3.8856838411188557,9.3689206692891176,1.9694699286347119,0.7562628140210115,2.1006296117975394,0.8132948750112190,1.9812969063202799,1.2534582121438438,1.0034541517883022,0.9757706809030255,1.0148230742463602,1.0002933950844413,1.0159612910131275,-0.0155418969814416,1.8510319207236536,0.0640703919778929,0.5383161256413923,0.9989131184162143,1.0294517983346896,1.0228029005838075,0.8334897644788388,0.0000000000000000,0.0000000000000000,0.0081369167539410,-0.0130849808715822,-0.0018980656067707,0.0001243866469113,-0.0126654114574405,0.0056701435481350,28.0000000000000000,NaN,NaN,NaN,NaN,NaN,NaN,NaN,NaN,NaN,NaN,NaN,NaN,NaN,NaN,NaN,NaN,NaN,NaN,NaN,NaN,NaN,NaN,NaN,NaN,NaN,NaN,NaN,NaN,NaN
"2019Q2",5.1799645186821452,-7.9713285180014752,-1.2263876158072453,-1.5955444584414933,1.7397899037082971,1.9620697308748003,0.7496972670546247,2.1100639377044068,0.8081979028681979,1.9649314059578584,1.2596844332593771,1.0049672346913618,0.9729298700439092,1.0127504593808359,0.9821560479384650,1.0153411926755946,-0.0332297813917748,1.8785537490196824,0.0634296256709673,0.5281907327690798,0.9970886490906989,1.0177433962268634,1.0044911896194750,0.8306846441375298,0.0000000000000000,0.0000000000000000,-0.0096967985425104,-0.0031896808744554,0.0011125887092940,-0.0004909867929314,-0.0207962638066215,-0.0202408069699953,29.0000000000000000,NaN,NaN,NaN,NaN,NaN,NaN,NaN,NaN,NaN,NaN,NaN,NaN,NaN,NaN,NaN,NaN,NaN,NaN,NaN,NaN,NaN,NaN,NaN,NaN,NaN,NaN,NaN,NaN,NaN
"2019Q3",4.4737104471190570,-3.9140987159099501,-3.6767582855265895,4.9126282057698578,4.6283270927745779,1.9858199526955442,0.7550627564484248,2.1340880143545284,0.8172799934627032,1.9915056392736328,1.2658728142921072,1.0049126438886902,0.9643168205283227,1.0110835157957290,0.9914946487511581,1.0149797396615814,-0.0234103795312285,1.8787192444698337,0.0649188367182849,0.5307335239087122,0.9911473069326182,0.9973619273209460,1.0113854733123671,0.8475222832003885,0.0000000000000000,0.0000000000000000,0.0075013535240642,-0.0096599560883023,-0.0002977986408614,-0.0001020907965480,0.0031734455821913,0.0110399992742785,30.0000000000000000,NaN,NaN,NaN,NaN,NaN,NaN,NaN,NaN,NaN,NaN,NaN,NaN,NaN,NaN,NaN,NaN,NaN,NaN,NaN,NaN,NaN,NaN,NaN,NaN,NaN,NaN,NaN,NaN,NaN
"2019Q4",4.6976316782318337,5.2086900055392871,1.6550867162330514,0.9425208862140948,7.6399586402349318,1.9905833221057418,0.7541773647093959,2.1738331554753976,0.8288863718576188,1.9940467502157015,1.2703989310850370,1.0035754909512460,0.9682906317815508,1.0116117309668542,1.0128183171448755,1.0161818953726232,-0.0033155061179360,1.9006571365293354,0.0659986955096206,0.5239527217213974,1.0041208565158606,0.9912556643236976,1.0186239465539995,0.8560305600938808,0.0000000000000000,0.0000000000000000,-0.0032554871046203,0.0110223438304458,-0.0015804105832055,-0.0011682756902619,0.0154127975070468,0.0145162963724705,31.0000000000000000,NaN,NaN,NaN,NaN,NaN,NaN,NaN,NaN,NaN,NaN,NaN,NaN,NaN,NaN,NaN,NaN,NaN,NaN,NaN,NaN,NaN,NaN,NaN,NaN,NaN,NaN,NaN,NaN,NaN
"2020Q1",5.0044227482527308,8.3033228325210704,-0.9648767269939673,-6.9787765625852423,3.4615089744616427,1.9573609102465410,0.7399972477244192,2.1925169570094760,0.8237249485290576,1.9584362366992409,1.2731338308894862,1.0021527881813572,0.9660876025387772,1.0123358785999523,1.0201554124869785,1.0146082501101703,0.0054524033638540,1.8752996920660712,0.0644930806018249,0.5304741474179527,0.9977248264410860,0.9900764815404302,1.0085948645538956,0.8526400156304609,0.0000000000000000,0.0000000000000000,-0.0236711066486440,-0.0088168603740832,-0.0018006984741495,0.0013072227379140,0.0081048082582028,-0.0003716278641418,32.0000000000000000,NaN,NaN,NaN,NaN,NaN,NaN,NaN,NaN,NaN,NaN,NaN,NaN,NaN,NaN,NaN,NaN,NaN,NaN,NaN,NaN,NaN,NaN,NaN,NaN,NaN,NaN,NaN,NaN,NaN
"2020Q2",5.3146994719863976,10.8965766351467046,3.1758910908434403,9.9435052285360790,-0.1265765442440785,2.0053928167711303,0.7566013065996613,2.1926520352537455,0.8343380860575834,2.0130727913938031,1.2757501272673455,1.0020550049919195,0.9736736481177407,1.0130687809870753,1.0263446995420933,1.0158557950029539,0.0102722497606429,1.9019867366292480,0.0669270241815380,0.5233520520774013,1.0078523371576535,1.0007644724421896,1.0000616087569303,0.8568970595748233,0.0000000000000000,0.0000000000000000,0.0206755145288765,0.0095816913152320,-0.0006215005264307,-0.0004283334175243,0.0059103270695597,-0.0066952471113344,33.0000000000000000,NaN,NaN,NaN,NaN,NaN,NaN,NaN,NaN,NaN,NaN,NaN,NaN,NaN,NaN,NaN,NaN,NaN,NaN,NaN,NaN,NaN,NaN,NaN,NaN,NaN,NaN,NaN,NaN,NaN
"2020Q3",5.4471651976583484,15.4059081469699635,5.1864232504397485,-2.1178639756115345,-3.7084809394226275,1.9953264295224096,0.7521031650713643,2.1742667857946643,0.8232932715774168,2.0015361252031516,1.2769379409526112,1.0009310707950385,0.9861432114559938,1.0133818389091933,1.0371966170316420,1.0156350242759973,0.0210074564979132,1.9181002163954508,0.0657095529610556,0.5172411833132204,1.0128067174893340,1.0226340456404288,0.9916150628720469,0.8348617746522465,0.0000000000000000,0.0000000000000000,-0.0093147123660843,0.0067462535039858,-0.0016559391603071,-0.0007021794886146,0.0127896566893988,-0.0140957575809404,34.0000000000000000,NaN,NaN,NaN,NaN,NaN,NaN,NaN,NaN,NaN,NaN,NaN,NaN,NaN,NaN,NaN,NaN,NaN,NaN,NaN,NaN,NaN,NaN,NaN,NaN,NaN,NaN,NaN,NaN,NaN
"2020Q4",4.8057640490652114,9.9344664933049636,-0.4266017143417970,1.1581455347476555,-2.3637164681625413,2.0011596565336727,0.7528805218149535,2.1629122795387428,0.8180137406763921,2.0093884224014937,1.2793486930091902,1.0018879163812617,0.9851921409721253,1.0118669067756996,1.0240440737777319,1.0144693653805161,0.0093938834282243,1.9169923388271906,0.0654790438532718,0.5191540071120876,0.9990355655519200,1.0174549960888062,0.9947777768900741,0.8303088368825475,0.0000000000000000,0.0000000000000000,-0.0003669530277469,-0.0143235411495669,0.0003095925951732,0.0000262303057293,-0.0074120817701062,-0.0007055461121659,35.0000000000000000,NaN,NaN,NaN,NaN,NaN,NaN,NaN,NaN,NaN,NaN,NaN,NaN,NaN,NaN,NaN,NaN,NaN,NaN,NaN,NaN,NaN,NaN,NaN,NaN,NaN,NaN,NaN,NaN,NaN
"2021Q1",4.8312705338148492,16.6769364899889183,1.6084763712397792,1.9480946165674287,-3.3017493733965741,2.0108617729440823,0.7551530361402973,2.1468430986224210,0.8120878964441680,2.0190213887613315,1.2816826270642727,1.0018243142528973,0.9891395209254736,1.0119271075489418,1.0402760829069173,1.0149024075979265,0.0246936845362317,1.9315015966525342,0.0653198602892060,0.5144299002440380,1.0040067107614699,1.0238611056866052,0.9925705813091279,0.8210043975235666,0.0000000000000000,0.0000000000000000,0.0014963916630123,0.0058230929483294,-0.0006138406995587,0.0006298468242982,0.0171785777936522,-0.0109664030007496,36.0000000000000000,NaN,NaN,NaN,NaN,NaN,NaN,NaN,NaN,NaN,NaN,NaN,NaN,NaN,NaN,NaN,NaN,NaN,NaN,NaN,NaN,NaN,NaN,NaN,NaN,NaN,NaN,NaN,NaN,NaN
"2021Q2",4.8324126136578887,11.9296223691970873,4.1288381093201867,1.4784695711475870,3.5408331743170960,2.0183090128604442,0.7563438105061437,2.1657016882326432,0.8183449373117559,2.0248743193536574,1.2844040154835936,1.0021232935220119,0.9992263438665426,1.0119298031860364,1.0288207031443224,1.0160425902730164,0.0124979300460683,1.9662873388472506,0.0660669185042012,0.5050574766611485,1.0101975734743986,1.0262435938347509,1.0087843352978723,0.8189785450863318,0.0000000000000000,0.0000000000000000,-0.0004454393899977,0.0075258374509418,-0.0002583145273812,-0.0014216965302097,-0.0072570175829171,0.0108507285381054,37.0000000000000000,NaN,NaN,NaN,NaN,NaN,NaN,NaN,NaN,NaN,NaN,NaN,NaN,NaN,NaN,NaN,NaN,NaN,NaN,NaN,NaN,NaN,NaN,NaN,NaN,NaN,NaN,NaN,NaN,NaN
"2021Q3",5.3016546075900344,-0.5750794659747336,3.2800208800048773,-3.9946232502161840,1.4947792148029395,1.9990508604599020,0.7474975219379073,2.1741664877915339,0.8133520110359806,2.0028905841683895,1.2872038757905955,1.0021798906522006,1.0073284098592239,1.0130379571256800,0.9992467014866000,1.0155451519555165,-0.0161791462175458,1.9724659576713102,0.0650372815007308,0.5020275687538239,1.0081083390589265,1.0214828821586182,1.0039085713442826,0.8074347979023524,0.0000000000000000,0.0000000000000000,-0.0150583098298175,-0.0001603666605822,-0.0004703901863152,0.0007971293196186,-0.0261774902544004,-0.0120365190523965,38.0000000000000000,NaN,NaN,NaN,NaN,NaN,NaN,NaN,NaN,NaN,NaN,NaN,NaN,NaN,NaN,NaN,NaN,NaN,NaN,NaN,NaN,NaN,NaN,NaN,NaN,NaN,NaN,NaN,NaN,NaN
"2021Q4",5.1548006326848084,1.6273425748289470,2.7058972095255949,0.2021600358496181,2.6412714856227968,2.0002483043066217,0.7455778583066703,2.1885980874541113,0.8147613838405731,2.0014262099159246,1.2912911099197664,1.0031752810926400,1.0140751643529025,1.0126910188660814,1.0043931116454143,1.0156407412429607,-0.0111361953866723,1.9995131172013820,0.0651890030576650,0.4946462832040152,1.0066976712139206,1.0293171475690797,1.0066377619853930,0.8034526556623497,0.0000000000000000,0.0000000000000000,-0.0062021673270309,0.0003196653771238,0.0004715141536930,-0.0003339684649960,0.0018071215873644,-0.0050624981267698,39.0000000000000000,NaN,NaN,NaN,NaN,NaN,NaN,NaN,NaN,NaN,NaN,NaN,NaN,NaN,NaN,NaN,NaN,NaN,NaN,NaN,NaN,NaN,NaN,NaN,NaN,NaN,NaN,NaN,NaN,NaN
"2022Q1",4.3714821954693575,-0.6602559235057122,1.5303540737997283,-0.9956874275599054,3.7936842009708593,1.9956359173463767,0.7409293620156534,2.2091457912747727,0.8157637534676010,1.9914538510994428,1.2963962270729845,1.0039534982576743,1.0179442904135207,1.0108424579139696,0.9990481997520199,1.0153437575172370,-0.0161794860098652,2.0315014573904082,0.0651186978595696,0.4864430197502509,1.0038154233498928,1.0291210379109073,1.0093885231548216,0.8013834952954177,0.0000000000000000,0.0000000000000000,-0.0117960751315894,-0.0017950253413076,0.0003535081840381,-0.0016058957265710,-0.0072705297005274,-0.0049103184536616,40.0000000000000000,NaN,NaN,NaN,NaN,NaN,NaN,NaN,NaN,NaN,NaN,NaN,NaN,NaN,NaN,NaN,NaN,NaN,NaN,NaN,NaN,NaN,NaN,NaN,NaN,NaN,NaN,NaN,NaN,NaN