,rgdp,rgdp_noil,gdp_nom,gdp_nom_noil,gdp_def,gdp_noil_def,cons,gov_cons,ex,im,inv,freig_tur,gas_prod,elect_prod,oil_prod,bus_conf,cap_inv,gov_exp,gov_rev,trade_tur,trade_tur_food,trade_tur_nonfood,paid_services,transactions,atm_pos,income,nom_wage,cpi,cpi_food,cpi_nonfood,cpi_service,ppi_ag,ppi_manf,int_rate1,int_rate10,interbank_rate,mortg_loans,mortg_rate,loans,fexc_res,neer,reer,mo,m1,m2,m3,demand_econ,im_custom,ex_custom,oil_price,cpi_rus,cpi_turk,im_rus,im_tur,cons_conf,ind_output,ag_output,cap_util,turk_gdp_sa,rus_gdp_sa,azn_usd
2003-01-31,,,,,,,,,,,,1.4,0.4,2.1,1.3,,,33.2,45.8,244.7,,,45.54,,,318.34,72.22,,100.5,100,100.1,100,101.1,,,,,,503,,95.68,84.95,333.74,392.62,404.19,786.03,,135.3,173.9,31.18,30.89,36.37,4554,4425.6,,371,,,,,
2003-02-28,,,,,,,,,,,,1.5,0.4,1.8,1.2,,,69.1,74.2,239.54,,,45.16,,,350.04,72.82,,100.2,100,99.9,100,117.2,,,,,,539.8,,94.67,83.64,295.7,357.22,369.04,810.24,,139.1,61.1,32.77,31.39,36.93,5018,4186,,355,,,,,
2003-03-31,1752,993.4,1453.6,882.9,82.97,88.88,832.4,190.9,763.7,950.3,644.4,1.6,0.5,2.3,1.3,,,105.4,126.9,256.32,,,48.52,,,392.84,73.44,,100.1,100,99.8,100,99.9,,,,,,548.3,,94.38,82.91,302.58,368.54,381.9,840.68,,185.6,439.9,30.61,31.72,37.65,5804,5755.5,,761,,,190594.1027,13993245.3,
2003-04-30,,,,,,,,,,,,1.3,0.4,1.9,1.3,,,106.4,74.5,244.34,,,47.92,,,369.44,73.98,,100.2,100,100,100,100.6,,,,,,547.6,,93.84,82.23,311.68,376.26,389.32,795.92,,209,83.6,25,32.05,38.03,5977,5211.1,,731,,,,,
2003-05-31,,,,,,,,,,,,2.2,0.4,1.5,1.4,,,87.7,77.8,248.36,,,48.76,,,379.94,74.36,,100.6,100.1,100,100,100.3,,,,,,550.6,,89.9,78.92,306.76,377.96,392.86,820.46,,191,99.3,25.86,32.3,38.39,5713,5531.9,,1155,,,,,
2003-06-30,2066.6,1232.1,1741.7,1116,84.28,90.58,918.3,198.1,765.6,867.7,763.7,1.5,0.4,1.3,1.2,,,114.3,148.3,245.86,,,48.82,,,392.96,74.7,,99.3,99.8,100,100,100.2,,,,,,583.4,,88.49,77.17,312.7,382.88,399.84,831.96,,272,123.9,27.65,32.56,38.42,5852,5727.2,,1108,,,191235.1221,14149331,
2003-07-31,,,,,,,,,,,,2,0.5,1.4,1.3,,,126.8,73.9,248.28,,,49.9,,,406.48,74.7,,98.4,100.1,100,100,101.1,,,,,,584.9,,89.58,77.35,336.62,423.66,441.72,839.74,,229.8,389.2,28.35,32.79,38.35,6436,6267.4,,1567,,,,,
2003-08-31,,,,,,,,,,,,1.8,0.4,1.5,1.3,,,79.9,78.1,253.18,,,50.1,,,387.72,75.26,,99.6,99.9,100,100,99.6,,,,,,588.2,,90.74,78.1,362.8,450.78,466.28,935.26,,196.8,99.6,29.89,32.66,38.41,6101,5974.8,,1523,,,,,
2003-09-30,2625.2,1520.1,2030.1,1370.9,77.33,90.18,1182,215.5,642,1120,1101.1,2.5,0.4,1.4,1.2,,,109.7,166.4,254.58,,,50.26,,,415.38,75.52,,101.7,100,100,100,99.9,,,,,,621.9,,90.39,78.49,356.34,439.82,455.72,918.06,,221.7,117.1,27.11,32.77,38.93,6218,6205.5,,1947,,,196687.6416,14388195.4,
2003-10-31,,,,,,,,,,,,1.1,0.5,1.7,1.3,,,119.8,83.2,261.88,,,51.76,,,447.98,75.72,,101.4,100.4,100,100,100.5,,,,,,625.6,,88.25,77.19,354.62,449.38,465.08,904.58,,225.6,443.5,29.61,33.1,39.29,6830,6575.4,,1941,,,,,
2003-11-30,,,,,,,,,,,,1.6,0.4,2,1.3,,,92.5,79.9,257.1,,,51.84,,,451.9,76.02,,101,100.6,100,100,100.8,,,,,,638.2,,88.23,77.18,374.34,454.64,470.88,930.04,,310.9,131.4,28.75,33.42,39.79,6548,5245,,2357,,,,,
2003-12-31,2513.6,1388.8,1921.1,1258.9,76.43,90.65,1352.5,280.9,830.7,1746.2,1270,2.2,0.4,2.4,1.3,,,189.7,197.2,307.86,,,53.64,,,528.56,76.6,,102.4,100.1,100,100,100.1,,,,,,670.3,,85.46,75.17,370.26,452.2,468.84,917.82,,309.4,429.5,29.81,33.78,39.96,8163,8234.3,,2625,,,202633.5348,14650610,
2004-01-31,,,,,,,,,,,,1.6,0.4,2.2,1.3,,,60.9,79.1,289.04,,,50.84,,,415.1,87.52,,103.2,99.9,100,100,101.9,,,,,,671.2,,83.39,74.49,408.18,499.82,519.83,1020.86,,203,132.2,31.14,34.37,40.22,5363,6330,,439,,,,,
2004-02-29,,,,,,,,,,,,1.6,0.4,2,1.2,,,79.3,98.2,283.22,,,50.6,,,426.62,103.26,,100.2,99.9,100.1,100,100.4,,,,,,690.3,,82.64,73.57,376.9,472.42,494.08,1026.08,,222.7,120.6,30.87,34.71,40.43,6334,6139.4,,418,,,,,
2004-03-31,1914.5,1134.7,1682.3,1028.6,87.87,90.65,1066.9,231.9,827.1,1449.2,1048.1,1.8,0.4,2.1,1.3,,,121,118.3,306.96,,,54.74,,,468.28,87.8,,101.6,99.8,100,104.3,101.2,,,,,,719.2,,84.06,75.19,370.82,464.66,486.72,1034.96,,255,442,33.8,34.98,40.82,7506,8451.9,,889,,,208214.6357,14925846.2,
2004-04-30,,,,,,,,,,,,1.4,0.5,1.8,1.3,,,125.6,126.6,297.46,,,53.94,,,464.52,88.16,,101,100.2,99.9,104,100.5,,,,,,731.4,,85.29,76.4,371.38,477.52,500.88,1069.14,,277.5,269.5,33.36,35.32,41.02,7473,7932,,853,,,,,
2004-05-31,,,,,,,,,,,,2.1,0.4,1.6,1.3,,,106.8,118.7,303.24,,,56.18,,,462.18,88.58,,100.2,100.1,100,93,99.6,,,,,,702.4,,86.49,77.23,374.58,501.74,532.3,1122.68,,258,166,37.74,35.58,41.2,7122,7990.6,,1356,,,,,
2004-06-30,2271.6,1408,2093.4,1360.6,92.16,96.63,1146.6,253,1129.6,1468.1,1081.2,1.6,0.4,1.5,1.3,,,132.2,128.9,294.96,,,56.24,,,480.82,89.16,,97.7,99.9,100,94.7,99.9,,,,,,753.6,,85.84,75.4,376.24,504.86,535.72,1108.94,,296.9,183.7,35.19,35.86,41.14,7638,8467.8,,1331,,,213062.499,15213494.7,
2004-07-31,,,,,,,,,,,,2,0.4,1.5,1.1,,,124.2,119.1,298.88,,,58.32,,,484.84,92.78,,98.2,100,100,101.2,100.7,,,,,,770.3,,85.25,73.93,402.72,543.08,574.3,1140.44,,315.3,499.9,38.37,36.19,41.34,8078,8728.5,,1774,,,,,
2004-08-31,,,,,,,,,,,,1.8,0.4,1.5,1.3,,,107,115.7,306.02,,,59.24,,,481.68,93.46,,99.6,100,100,100,100.5,,,,,,843.7,,85.63,73.92,413.7,553.7,585.18,1219.72,,281.2,223.3,43.03,36.34,41.65,8051,7883.4,,1839,,,,,
2004-09-30,2887.1,1735.1,2352.3,1574.4,81.48,90.74,1231.3,269.4,1196.2,1589.8,1312.2,1.9,0.4,1.4,1.4,,,138.9,169.1,303.48,,,60,,,509.7,94.54,,101.1,100.1,99.8,100,100.5,,,,,,874.1,,85.6,74.16,407.12,555.24,587.12,1276.34,,399.6,147.6,43.38,36.5,42.05,8026,8486.6,,2273,,,215465.2698,15443908.4,
2004-10-31,,,,,,,,,,,,1.7,0.4,1.6,1.4,,,137.1,136.2,330.72,,,61.9,,,577.36,95.58,,106.5,101.1,100,108.8,100.5,,,,,,909.4,,84.51,75.88,423.32,580.94,608.8,1350.18,,291.4,570.6,49.77,36.91,42.99,8641,8087.6,,2392,,,,,
2004-11-30,,,,,,,,,,,,1.8,0.4,1.9,1.3,,,140.4,141.2,323.76,,,64.64,,,561.7,95.84,,101.2,103.3,105.7,100.5,100.8,,,,,,926.9,,82.25,75.26,427.06,593.62,618.72,1372.68,,342.2,257,43.06,37.32,43.56,9155,8568.1,,2824,,,,,
2004-12-31,2713.1,1528.6,2402.2,1474.4,88.54,96.45,1316.1,346.1,1008.9,1695.9,1481.3,2.3,0.5,2.6,1.3,,,227.6,130,392.2,,,67.94,,,676.68,96.68,,102.8,100,100.3,102,100.9,,,,,,989.5,,80.25,74.24,418.18,593.02,617.82,1435.94,,361.5,601.9,39.66,37.75,43.69,10857,10474,,3137,,,218961.1608,15616597.7,
2005-01-31,,,,,,,,,,,,1.7,0.4,2.1,1.4,,364.18,43.3,127.1,360.3,,,64.9,,,491.9,106.4,100.8822585,103,100.1,103.7,104,101.4,16.72,0,12.15,,,970.38,876.56,81.33,76.09,427.31,587.31,618.41,1444.77,944.26,582.7,109.1,44.28,38.74,43.94,6934,7219.7,,548,,,,,0.980432
2005-02-28,,,,,,,,,,,,1.7,0.4,2.2,1.1,,303.42,175.8,117.9,360.1,,,64.4,,,517.34,106.6,101.3753857,103.3,99.8,100,103.8,101.8,17.24,0,13.16,,,1018.03,884.77,81.32,76.64,440.8,609.16,639.8,1442.87,998.01,265.3,154.7,45.56,39.22,43.94,8346,8323.7,,535,,,,,0.979542
2005-03-31,2361.3,1215.6,2371.2,1225.5,100.42,100.81,1207.5,274.8,1406.2,1625.2,1212,2.1,0.4,2.2,1.8,,414.98,171.2,201.6,393.34,,,76.8,,,611.66,106.8,103.1994589,102.5,98.7,110.1,103.8,100.4,17.58,0,14.82,,,1073.5,891.34,80.94,77.39,442.39,607.92,639.82,1448.8,1054.81,281.1,215.7,53.07,39.74,44.06,10020,10196.4,,1214,,,229055.1643,15889588.6,0.97458
2005-04-30,,,,,,,,,,,,1.6,0.4,1.9,1.6,,500.26,160.6,146,382.28,,,76.3,,,606.4,109.8,103.9248967,101.7,99.3,100,103.8,100,17.84,0,14.51,,,1098.39,930.95,82.97,79.31,470.36,650.6,681.25,1584.78,1082.33,310.7,322.7,51.86,40.19,44.37,9531,9595.5,,1216,,,,,0.96612
2005-05-31,,,,,,,,,,,,2.4,0.5,1.7,1.8,,540.46,183.5,140.6,385.3,,,76.6,,,593.6,111.1,104.0737279,98.4,99.7,96.2,103.8,99.9,17.18,0,15.86,,,1114.79,942.52,84.44,79.87,497.87,694.1,731.3,1657.91,1098.83,323.5,256.8,48.67,40.51,44.78,9451,9811.6,,1876,,,,,0.957038
2005-06-30,2845.4,1519.4,2846.4,1520.4,100.04,100.07,1289.8,285.2,1848.1,1659.8,1213,1.8,0.5,1.5,1.9,,431.92,170,179.3,372.36,,,77.3,,,625.32,112.2,103.3276768,97.2,99.9,100,97.5,99.7,19.37,0,16.22,,,1079.63,989.37,87.59,81.28,534.72,733.41,775.44,1692.49,1100.6,329.9,251.1,54.31,40.77,44.83,9898,9947.5,,1702,,,230022.1424,16131475.1,0.94682
2005-07-31,,,,,,,,,,,,2.2,0.5,1.7,1.7,,410.84,193.1,189.9,362.24,,,78.4,,,631.14,113.4,102.9873958,96.9,100.2,100,95.8,99.1,18.67,0,16.64,,,1116.57,948.59,89.07,81.32,563.15,769.22,811.46,1774.53,1136.43,473,300.4,57.58,40.95,44.57,10722,9596.1,,2819,,,,,0.940038
2005-08-31,,,,,,,,,,,,2.1,0.4,1.7,2.1,,447.34,161.9,144.6,377.28,,,82.1,,,621.28,114.5,103.0072938,98.9,99.9,100,99.4,99.5,17.4,0,16.64,,,1208.88,975.93,88.61,80.22,572.73,785.4,832.05,1832.68,1226.26,348.1,534.1,64.13,40.9,44.95,10644,10272.2,,2554,,,,,0.931762
2005-09-30,3723,1879.3,3707.6,1863.9,99.59,99.18,1388.2,334.6,2343.5,1667.1,1397.1,2.1,0.6,1.4,2.1,,394.82,227.6,204.7,377.76,,,84.3,,,675.36,115.5,103.5008015,101.4,100.3,100.1,102.2,99.8,16.24,0,17.85,,,1245.14,1025.81,90.02,81.73,603.28,796.47,843.41,1873.54,1260.9,305.1,354.5,62.98,41,45.41,10719,10365.9,,3685,,,233269.989,16415744.7,0.91865
2005-10-31,,,,,,,,,,,,2.2,0.5,1.8,2.2,,498.78,208.1,200.2,395.12,,,87.1,,,743.78,116.4,103.584087,100.7,100.3,100,101.8,100.4,16.38,0,16.81,,,1311.6,990.96,91.12,82.68,565.29,751.21,796.91,1864.18,1338.37,294.8,1202.9,58.52,41.22,46.22,11456,10089.8,,3426,,,,,0.918846
2005-11-30,,,,,,,,,,,,2.3,0.6,2,2.3,,409.66,172.6,193,381.46,,,89.5,,,767.12,117.1,104.175555,101.9,100.4,100,99.1,100.3,16.43,0,18.15,,,1358.52,990.93,92.26,84.48,529.75,725.52,773.44,1805.46,1393.28,286.9,436.9,55.54,41.53,46.87,12294,9673.1,,4564,,,,,0.919126
2005-12-31,3593,1678,3597.3,1682.3,100.12,100.26,1389.1,410.5,2284,1672.4,1350.8,2.8,0.5,2.7,2.2,,707.64,273,210.3,474.66,,,103,,,907.4,117.9,105.3367385,103.9,100.4,100,97.6,100.4,15.1,0,16.38,,,1440.96,961.71,92.12,85.81,547.41,750.22,796.45,1838.69,1451.13,399.2,208,56.71,41.87,47.07,13825,11682.6,,4745,,,240983.7706,16754375.4,0.918348
2006-01-31,,,,,,,,,,,,2,0.5,2.4,2.1,,356.5,129.4,198.6,426.5,,,89.5,,,602.5,127.2,106.2392378,101.5,102,100,101.7,123.1,15.4,0,16.43,,,1380.36,941.81,91.04,85.71,466.22,661.11,707.86,1779.04,1404.54,251.8,236.6,63.36,42.89,47.42,8311,8145.5,,853,,,,,0.917232
2006-02-28,,,,,,,,,,,,2,0.6,2.3,2.3,,331.2,276.4,221.6,424.9,,,87.8,,,969.6,128.7,107.5516936,103.5,100.2,100,102.5,102,15.6,0,19.48,,,1352.2,939.66,91.65,87.39,472.41,711.21,764.23,1845.71,1363.57,288.4,260.5,59.92,43.6,47.52,10080,9796.2,,1025,,,,,0.91405
2006-03-31,3315.5,1408.3,3468.2,1614.2,104.61,114.62,1167,330.8,2506.2,1522.4,1145.2,2.5,0.6,2.3,2.5,,419,258.6,238.5,467.2,,,97.6,,,888.5,129.7,108.5416334,101.9,100.1,101.1,105.6,100.7,15.31,12,19.03,,,1395.11,1026.56,91.71,88.19,519.53,783.16,841.32,1926.5,1398.38,365.3,540.7,62.25,43.96,47.65,12353,11605,,1762,,,243743.356,17077836.2,0.91094
2006-04-30,,,,,,,,,,,,1.9,0.5,2,2.4,,561.5,246.2,419.9,455.2,,,104.7,,,788.5,132,109.4865933,101.9,100.1,101.1,105.6,100.7,17.98,11,19.03,,,1529.24,1306.28,91.07,87.55,564.04,848.85,915.66,2055.56,1504.18,351.7,348.9,70.43,44.11,48.29,11359,11587.1,,2026,,,,,0.906156
2006-05-31,,,,,,,,,,,,2.8,0.7,1.9,2.6,,515.9,207.5,213.7,467.9,,,108.7,,,794.6,133.7,110.7090338,100.4,100.3,100.2,102.7,100.4,17.36,11.5,19.03,,,1556.8,1357.57,89.27,85.6,629.34,910.19,986.21,2153.36,1577.34,408.9,1085.8,70.27,44.32,49.2,12921,12694.2,,2854,,,,,0.901448
2006-06-30,3831.8,1713.9,4132.8,2000.6,107.86,116.73,1510.5,368.1,2898.1,1760.5,1314.2,2.1,0.5,1.6,2.6,,442.6,327.9,248.3,456.5,,,115.3,,,799.5,135.1,111.7615928,99.7,100.2,100.1,96,100.1,18.51,9.52,19.03,,,1660.51,1444.63,90.9,86.9,728.09,1028.38,1131.25,2349.46,1676.52,451.5,451.6,68.86,44.45,49.36,14477,12465.7,,3049,,,251168.0762,17406602.3,0.89694
2006-07-31,,,,,,,,,,,,2.7,0.4,1.8,2.7,,537.6,377.9,537.1,465.4,,,121.5,,,860.9,136.1,112.6912745,99.4,100.1,100,102.1,99.7,18.68,8.78,17.2,,,1785,1811.93,91.06,86.62,861.72,1171.8,1293.61,2546.1,1784.54,490.3,366.7,73.9,44.74,49.78,13479,11709.4,,4079,,,,,0.891484
2006-08-31,,,,,,,,,,,,2.5,0.6,1.8,3,,459.6,331.4,350.1,475.2,,,124.4,,,832.8,137.4,113.2908419,99.9,100,100.1,99.7,100.2,17.46,9.3,17.46,,,1876.88,1397.1,90.67,86.17,915.03,1268.16,1411.48,2659.7,1912.46,746.4,367.3,73.61,44.83,49.56,14240,12276.1,,4333,,,,,0.885516
2006-09-30,4984.3,2077.7,5790.1,2267.3,116.17,109.13,2244.1,395.3,3557.3,1971.7,1537.1,2.2,0.6,1.6,2.9,,627.6,265.6,255.8,479.5,,,127.9,,,879.3,138.5,113.9724565,101.3,100.3,100.7,102.1,100.7,19.31,8.78,16.92,,,2015.15,1522.32,91.73,87.75,996.82,1354.77,1529.39,2798.16,2032.2,424.4,1189.4,62.77,44.87,50.2,14342,12153,,6089,,,249275.5596,17806280.4,0.878566
2006-10-31,,,,,,,,,,,,2.2,0.5,1.7,2.9,,498.6,345,703.8,506.2,,,131.1,,,923,139.5,114.8166159,101.6,101.6,100.2,104.2,101,18.31,8.39,16.26,,,2159.9,1600.11,92.63,89.47,1096.29,1505.6,1714.39,2951.17,2169.72,431.7,362.8,58.38,45,50.84,15821,11199.6,,5343,,,,,0.874278
2006-11-30,,,,,,,,,,,,2,0.6,2,3.2,,469.4,350.6,237.2,497,,,133.6,,,884,140.4,115.6804856,102.1,100.8,100,104.1,99.7,20.34,8.3,16.23,,,2242.03,1721.62,91.65,89.35,1114.51,1593.22,1820.39,3040.65,2249.27,413.1,414.7,58.48,45.28,51.49,16180,12896.6,,8028,,,,,0.872704
2006-12-31,4707.2,1817.9,5355.1,2305.7,113.76,126.83,2033.8,506.7,3505.4,2011.1,1571.3,2.7,3,3.1,3.1,,744.1,673.2,256.6,638.8,,,158.6,,,726.6,141.3,117.1227044,102.8,101.1,101.8,101.4,100.4,17.06,6.08,17.24,,,2362.72,1967.33,90.03,89.05,1311.35,1839.57,2135.45,3434.96,2367.87,641,747.1,62.27,45.64,51.61,19625,13047.8,,7481,,,254905.9792,18144464.5,0.871916
2007-01-31,,,,,,,,,,,,2.1,0.7,2.3,3.5,,357.2,92,515.3,564.9,,,167.6,,,838.7,160.6,124.236218,103.9,103.2,117.1,104.3,110.7,17.81,6.19,17.23,,,2500.86,1961.74,90.9,95.5,1210.2,1684.71,1950.75,3252.47,2518.96,389.6,396,54.55,46.4,52.13,11655,10591.9,,1467,,,,,0.871268
2007-02-28,,,,,,,,,,,,1.9,0.5,1.9,3.3,,367.9,370.7,261.8,550.3,,,138.5,,,987,161.4,125.4791493,101.7,101.3,101.3,95.7,104.9,19.81,5.7,16.89,,,2663.5,1935.93,90.5,96.1,1287.63,1787.52,2078.77,3348.47,2692.04,389.6,154.4,57.76,46.92,52.35,14073,11383.2,,1390,,,,,0.869714
2007-03-31,4252.2,1548.2,5801.5,2131.3,136.44,137.66,2218.3,438.7,3732.2,1670.6,1243.4,2.3,0.9,2.1,3.7,,454.9,371.9,309.7,616.5,,,158.7,,,1098.7,163.7,126.5127519,101.8,100.6,100.3,100.5,98.8,20.31,5.8,17.4,,,2880.85,2007.62,90.1,96.2,1357.23,1874.27,2216.03,3464.43,2904.96,356.9,368.7,62.14,47.2,52.83,16884,13234.2,,3059,,,259553.1203,18473541.7,0.86787
2007-04-30,,,,,,,,,,,,1.5,0.8,1.8,3.3,,512.8,471.1,782.3,590.9,,,158.4,,,1084.5,166.1,127.2665913,100.5,100.4,100.1,101.7,99.6,20.77,6.04,18.04,,,3091.26,2035.39,88.8,94.6,1426.11,1952.65,2340.64,3545.26,3110.38,381.2,419.2,67.51,47.46,53.47,16694,12919.3,,3062,,,,,0.86564
2007-05-31,,,,,,,,,,,,2.4,0.8,1.5,3.8,,579.3,425.6,341.1,608.6,,,174.7,,,1008.1,168.6,127.8082125,99.2,100.5,100.2,99.7,99.7,20.69,6.15,17.29,,,3315.45,2177.64,88.9,94.1,1534.84,2066.63,2523.21,3784.97,3328.32,488,523.8,67.48,47.76,53.74,17453,14935.2,,4884,,,,,0.861967742
2007-06-30,4771.4,1907,6795,2710.8,142.41,142.15,2336.8,615.5,4608.7,1885.4,1415.7,1.8,0.8,1.3,3.6,,455.2,553.5,372.1,584.5,,,190.7,,,984.3,170.7,128.426228,97.8,100.1,103,99.7,100.3,21.6,6.17,16.99,,,3458.49,2477.1,90,94.4,1722.58,2263.82,2739.74,4041.24,3460.88,448.8,669.9,71.32,48.22,53.61,18541,14265.9,,4916,,,259632.3761,18939776.6,0.856513333
2007-07-31,,,,,,,,,,,,2.4,0.9,1.4,3.8,,591.4,611.2,1033.3,605.1,,,205.3,,,1024.8,173,129.763345,100.1,100.3,100,99.3,100.4,20.71,11.57,15.6,,,3443.9,2814.29,88.7,93.1,1877.9,2454.64,3024.84,4341.2,3451.19,416.3,863.9,77.21,48.64,53.21,19332,15214,,6948,,,,,0.854770968
2007-08-31,,,,,,,,,,,,2.1,1.1,1.5,3.9,,509,492.5,348,622.2,,,210.6,,,1063.1,175.5,131.2904424,101.3,100.4,100,99.6,101.9,21.05,14.04,16.99,,,3573,2979.52,89.4,94.4,1936.22,2631.54,3259.81,4636.1,3584.54,544.3,596,70.8,48.68,53.23,19995,14681.7,,7007,,,,,0.853429032
2007-09-30,6222.3,2307,7590.2,3222.8,121.98,139.7,2432.2,774.5,5198.2,2149.1,1630.6,2.3,0.9,1.4,2.3,,690.9,597.4,419.8,637.2,,,216.5,,,1026.1,177.6,132.3788766,101.5,100.4,100.7,100.3,100.1,48.11,13.91,17.07,,,3771.25,3135.65,88.1,93.4,2051.99,2765.34,3417.38,4945.05,3769.87,492.7,324,77.13,49.07,53.78,18693,14459.1,,8346,,,261154.8464,19357419.6,0.851856667
2007-10-31,,,,,,,,,,,,2,1.1,1.5,3.9,,619.9,416.9,840.7,668.7,,,223.1,,,1487.9,186.8,134.0401397,102.9,100.6,100.3,104.9,100.3,22.21,14.06,17.01,,,4050.02,3237.42,86.5,92.4,2142.54,2831.81,3530.08,5144.82,4074.56,513.8,503.9,82.83,49.87,54.75,22225,15626.5,,9388,,,,,0.850203226
2007-11-30,,,,,,,,,,,,2,1.1,1.7,3.7,,607.7,438.6,342,677.4,,,228.7,,,1757.3,199,137.5017327,104.3,102.4,100.9,100.4,99.5,21.4,15.21,16.26,,,4340.28,3370.9,84.8,92.7,2255.52,3098.66,3769.71,5311.68,4384.45,578.5,641.8,92.53,50.48,55.82,22610,16631.9,,10688,,,,,0.84809
2007-12-31,5880.6,2047.7,8173.8,3206.2,139,156.58,2485.5,911,5782.6,2381.3,1779.3,2.9,1.2,2.2,3.7,,1028.6,1218.1,440.5,865.1,,,275.5,,,1945.1,214,140.218533,103.6,100.9,101.7,100.7,102.2,20.9,15.14,16.62,,,4681.77,4015.26,85.4,95.1,2713.51,3621.71,4401.61,5897.26,4642.6,708.9,596.7,91.53,51.05,55.94,24928,16119.9,,11808,,,270119.2454,19975663.1,0.846090323
2008-01-31,,,,,,,,,,,,1.7,1.3,2.2,3.9,,367.2,179.5,977.7,754.3,,,239.8,,,1218.7,230,143.5085925,103.2,101.5,101.8,101.1,100.6,21.97,15.85,16.25,,,4758.25,3928.51,85,96.5,2524.04,3269.41,4095.95,5650.35,4800.2,493.6,626.2,92.01,52.23,56.39,15558,16338.6,,2094,,,,,0.845335484
2008-02-29,,,,,,,,,,,,2,1.3,2.1,3.7,,492.7,653.1,450.2,740.9,,,195.8,,,1406.8,231,146.1779123,103.5,100.6,100.4,102.4,101.9,22.06,15.7,16.01,,,4812.19,4013.59,85,98,2565.18,3367.03,4246.37,6194.96,4856,440.7,571.6,94.82,52.86,57.12,20977,16026.5,,1969,,,,,0.844241379
2008-03-31,4630,1758.3,9035.3,3374.1,195.15,191.9,3128.2,599.4,5965.2,1933.7,1582.8,2.4,1.3,1.8,4.2,,549.3,539.9,556.5,852.6,,,231.3,,,1518.3,229.8,150.1035394,104.5,100.8,101.9,102.6,101.7,22.35,7.33,15.79,,,4932.13,4260.71,82.6,97.2,2734.55,3542.39,4428.23,6341.25,4967.4,417.9,346.2,103.12,53.49,57.67,23238,16812.1,,5083,,,275809.2859,20505651.8,0.839829079
2008-04-30,,,,,,,,,,,,1.6,1.3,1.5,4,,622.5,758.7,1443.3,837.5,,,231.2,,,1618.2,237.5,155.0909513,104.5,101.7,101,102.6,101.7,22.19,10.79,14.88,,,5216.67,4306.64,83.2,100.3,2867.48,3663.73,4563.15,6549.92,5259.3,572.2,2313.4,110.19,54.25,58.63,25211,17889.5,,4544,,,,,0.830153866
2008-05-31,,,,,,,,,,,,2.7,1.3,1.5,4.1,,664.2,841.4,643.1,893,,,253,,,1618.8,242.7,159.5635178,103.5,101.5,100,103.7,102.6,20.94,6.2,15.66,,,6063.97,4323.43,83.9,102.6,2971.53,3676.02,4598.28,6829.41,6126.5,538,11011.9,123.5,54.99,59.51,24286,19306.1,,7745,,,,,0.826422597
2008-06-30,5251.6,2201.9,10356.8,4058.6,197.21,184.32,3368.1,749.6,6956.1,2229.6,1731.2,1.9,1.2,1.4,4.3,,947.5,1122.4,739.2,878.3,,,272,,,1660.4,250.4,161.1867082,99.5,100.5,101.2,98.7,101.9,19.3,8.75,15.48,,,6166.45,5225.19,84.62,103.04,3193.76,4078.94,4933.15,7337,6241.9,620.8,2619.7,133.05,55.52,59.29,25311,19476.6,,7632,,,266021.9216,20633115.4,0.817501954
2008-07-31,,,,,,,,,,,,2.5,1.4,1.5,4.6,,888.7,1021.4,1219.5,904.5,,,296.3,,,1819.4,253,162.0083154,98.6,100.6,101.5,98.5,99.5,21.09,13.42,15.54,,,6361.55,5223.68,84.63,102.5,3488.29,4282.17,5211.75,7537.32,6436.5,817,17189.3,133.9,55.8,59.64,28686,20557.4,,10959,,,,,0.8077937
2008-08-31,,,,,,,,,,,,2.1,1.2,1.5,2.7,,864.5,711.8,656.2,920.1,,,308.3,,,1848.9,255.3,162.4162397,99.9,104,100.1,101.3,100,21.41,15.16,15.46,,,6455.03,5338.2,87,105.04,3548.56,4403.97,5365.1,7636.63,6558.4,605.5,3025.2,113.85,56,59.49,27130,19251.3,,9521,,,,,0.812416651
2008-09-30,6918.9,2684.5,11011.2,4599.1,159.15,171.32,3385.4,965.8,7429.2,2549.9,1981.3,2.2,1.4,1.4,3.4,,886.4,890.8,820.9,942.7,,,316.5,,,1848.4,256.9,163.4441422,101.1,100.6,100.9,97.4,99.4,21.17,14.41,15.87,,,6604.73,5438.61,90.2,109.4,3632.26,4572.61,5514.49,7649.74,6685.6,725,1267.3,99.07,56.45,59.76,27230,17884.6,,14661,,,261188.6491,20325544,0.812406997
2008-10-31,,,,,,,,,,,,2.1,1.4,1.5,2.9,,888.3,879.4,1229.3,972.3,,,325,,,1946.3,260.2,163.7754862,101,101.1,100.1,102.6,100.2,21.05,14.57,16.6,,,6697.48,5316.04,96.2,117.3,3636.44,4484.68,5443.83,7608.02,6792.3,667.7,7016.3,72.84,56.97,61.31,26711,14942.5,,10750,,,,,0.809880359
2008-11-30,,,,,,,,,,,,2.2,1.5,1.7,3.1,,786.2,682.6,653.5,953.4,,,326.1,,,1672.6,265.1,162.8142213,99.9,101.1,99.9,100,98.9,21.35,9.88,17.83,,,6855.46,5348.57,101.5,124,3668.49,4547.88,5512.82,7718.65,6956.6,597.4,985.9,53.24,57.44,61.82,21076,12073.5,,15995,,,,,0.808903479
2008-12-31,6563.6,2406.7,9733.9,4252.3,148.3,176.69,3538.4,1094.9,6050.2,2705.7,2161.7,2.8,1.7,2.3,3.5,,1116.1,2493,1373.6,1226.4,,,397.7,,,1881.4,268,161.6064871,99,100,100.5,102.5,97.3,14.11,4.02,16.87,,,7191.25,6136.99,100.1,121.8,4145.67,5104.95,6081,8494.2,7223.1,667.7,783.2,41.25,57.83,61.57,23258,11404.9,,13778,,,254554.3751,19664514.3,0.804609387
2009-01-31,,,,,,,,,,,,1.7,1.6,2.1,3.6,-25.95,277.4,241.5,997.4,939.5,,,310.1,,,1434.7,291,160.5418316,99,99.7,100,101.3,98.5,20.63,13.38,17.83,,,7201.29,5975.93,103.1,124.2,3896.06,4685.5,5594.66,8009.26,7253.4,518.8,681.5,44.72,59.2,61.75,10280,9281.1,,1324,,,,,0.803496779
2009-02-28,,,,,,,,,,,,1.9,1.5,1.7,3.7,-17.7,827.1,1198.5,802.4,882.8,,,252.8,,,1634.3,292,158.9590231,98.8,99.8,99.9,99.3,97.9,21.8,6.87,16.4,,,6692.53,5635.96,108.07,128.52,3666.9,4486.09,5264.82,7328.39,6768.4,407.3,810.4,43.24,60.18,61.53,13210,9074.7,,1347,,,,,0.806502632
2009-03-31,4906.3,1774.6,6964.8,3742.9,141.96,210.92,3383.4,722,3259,1706.9,1449.1,2.2,1.6,1.8,4.1,-19.24,534.4,904.7,722.2,983.9,,,295.4,,,1895,292,157.0814509,98.9,99.9,100,97.1,97.9,19.35,7.06,16.71,,,6221.29,4961.83,108.05,126.95,3304.14,4051.93,4740.87,6397.38,6298.1,396,990.4,46.84,60.97,62.21,14230,10522,,2830,,,240136.3654,18970950.5,0.803888435
2009-04-30,,,,,,,,,,,,1.4,1.6,1.5,0.2,-18.82,520.2,626.8,712.8,864.4,,,248.8,,,1774,295.7,157.1138503,99.7,99.8,100.1,98.1,98.8,17.3,6.25,17.8,,,6278.44,4906.64,106.2,123.99,3297.07,4073.96,4732.26,6502.43,6379.4,495.1,1054.8,50.98,61.39,62.23,14146,10120.3,,2747,,,,,0.80319405
2009-05-31,,,,,,,,,,,,2.4,1.3,1.3,8.8,-5.64,539.5,685.9,761.6,943.8,,,267.8,,,1846.2,296.5,157.6284102,99.6,99.7,100,99.7,99.8,21.29,5.66,16.64,,,6356,5026.01,103.1,119.57,3396.69,4138.5,4811.18,6611.97,6485.9,444.8,1054.2,57.94,61.74,62.62,13115,10867.7,,4666,,,,,0.803561678
2009-06-30,5576.6,2221.4,8431.6,4246.4,151.2,191.16,3646.3,908.3,4406.6,1775.1,1515.6,1.8,1.2,1.2,4.4,18.22,676.3,780.5,865.5,937.1,,,321.6,,,2000,298,158.1314125,98.9,100,100.2,97.5,100.4,22.44,7.99,18.06,,,6463.79,5077.15,100.68,115.75,3486.36,4188.42,4872.03,6693.93,6567.3,456.9,1220.3,68.62,62.11,62.69,14669,12500.6,,4648,,,249758.6251,18694190.7,0.803862245
2009-07-31,,,,,,,,,,,,2.2,1.2,1.4,4.4,20.15,707.6,838.5,846.8,954,,,357.5,,,1946.3,298,160.6504364,99.1,99.8,106.4,99.3,100.4,22.1,7.8,16.14,,,7229.2,4787.03,100.57,116.81,3657.48,4356.19,5091.55,7582.39,7321.1,519,1330.1,64.91,62.5,62.85,15213,12856.3,,6665,,,,,0.804204807
2009-08-31,,,,,,,,,,,,1.5,1.2,1.2,4.3,17.33,480,585,830.2,962.9,,,370.8,,,2053,298,160.9850217,100,100.1,100.1,101,99.9,21.65,7.85,15.08,,,7629.85,5001.21,99.99,115.97,3651.87,4541.02,5333.46,7569.05,7732.1,585.3,1442.8,72.51,62.5,62.66,14818,12811.2,,6912,,,,,0.804072564
2009-09-30,7418.7,2732.1,9922.3,4942.4,133.75,180.9,4041.8,1103.3,5177.9,2431,1648.5,2.7,1,1.1,4.3,15.67,636.9,595,696.2,995.9,,,381.2,,,1499.1,296.6,161.1509205,100.4,100.1,100.4,102,100.2,24.01,7.38,18.71,,,7780.81,5103.65,98.95,114.94,3620.06,4441.73,5222.37,7458.35,7904.8,546,1402.3,67.69,62.48,62.91,16811,12485,,8713,,,255742.2451,18770916.4,0.803500595
2009-10-31,,,,,,,,,,,,1.9,1.3,1.2,4.5,14.67,723.3,722.1,1107,1024.8,,,397.9,,,1991.3,296.3,161.09846,100.2,100.7,100.3,100.9,100.9,21.21,7.38,15.33,,,7963.72,5092.88,97.3,112.85,3670.3,4530.54,5388.52,7675.62,8126.6,587.4,1574.2,73.19,62.48,64.42,18409,12772.5,,8949,,,,,0.803194011
2009-11-30,,,,,,,,,,,,2,1.3,1.6,4.1,9.67,521.7,713.7,576.9,1000.8,,,392,,,1742.3,296,161.8846541,101.4,100.7,101.3,99,99.5,22.29,7.65,18.41,,,8064.56,5181.1,96.77,113.3,3805.7,4694.57,5575.56,7904.89,8252.2,492.1,1604.5,77.04,62.67,65.24,18442,12617.5,,10892,,,,,0.80285556
2009-12-31,7651.6,2466,10282.8,4769.4,134.39,193.41,4150.5,1226.5,5539.6,2313.9,2086.8,2.8,1.5,1.8,4,10,914.3,2611,1406.7,1338.6,,,492.3,,,2579.9,298,162.5691632,101.4,100.2,100,101,100.7,21.5,8.65,17.68,,,8407.46,5161.67,98.34,115.53,4174.77,5231.28,6169.22,8469.18,8554.7,671,1533,74.7,62.92,65.59,20580,15019.5,,11672,,,260735.2471,18973963,0.802965755
2010-01-31,,,,,,,,,,,,1.8,1.5,1.8,4.3,5.67,401.3,321.1,973.2,1016.4,,,374.5,293,524.52,1526.9,296.9,163.3589611,100.6,100.6,100.1,100.5,100,20.61,7.45,15.58,4.05,6.79,8431.18,5139.52,99.24,117.36,3972.77,4848.35,5837.7,8143.77,8611.7,363.8,1428.1,76.41,63.95,66.8,11142,11691.2,,2543,,,,,0.803122464
2010-02-28,,,,,,,,,,,,1.8,1.4,1.6,3.7,9,675.4,760.5,658.8,975.2,,,303.5,494,426.07,1674.1,298.2,164.7177935,102.2,100,99.2,100.2,101.3,21.68,8.41,14.78,10.5,6.8,8343.47,5074.45,102.41,121.9,4083.87,4970.45,5853.11,8132.56,8548.9,339.9,1788.5,74.31,64.5,67.77,15239,11781.6,,2117,,,,,0.8034
2010-03-31,5148.7,1932.5,9629.5,4013.3,187.03,207.67,4032.1,877.2,4464.8,1929.5,1717,2.1,1.5,1.7,4.3,5.67,560.1,897.5,814.1,1120.5,,,352,613,426.9,1982.8,304,165.9613579,102.4,99.9,99.7,102.1,99.3,25.12,8.9,14.19,22.89,6.81,8485.21,5509.95,102.17,122.4,4312.13,5177.5,6182.56,8673.42,8656.8,454.7,1292.7,79.28,64.91,68.16,18436,15022.2,,4893,,,259966.0913,19379714,0.803315895
2010-04-30,,,,,,,,,,,,1.9,1.5,1.5,4.4,5.33,654.5,863.8,786.5,986.6,,,294.9,434,463.75,2136.2,309.8,166.4255465,100.1,99.7,100,101.8,99.5,22.95,7.59,14.65,36.24,6.81,8605.46,5501.73,102.64,122.56,4434.32,5318.96,6347.72,8735.47,8795.9,602.9,1737.3,84.93,65.1,68.57,18904,14943.4,,4722,,,,,0.803470097
2010-05-31,,,,,,,,,,,,2,1.3,1.3,4.4,11.33,730,716.2,863.6,1074,,,317.5,498,398.57,2083.1,313.9,167.0740746,99.7,100.2,99.9,98.9,101.1,22.34,7.74,14.6,47.88,6.81,8733.49,5360.95,107.06,127.51,4543.47,5415.64,6453.97,8929.77,8943.9,640.7,1930.4,76.25,65.42,68.32,19053,14726.1,,7419,,,,,0.803532419
2010-06-30,5817.4,2411.8,10771.8,4775.5,185.17,198.01,4054.8,1107.6,5373,1716.7,2170.3,1.5,1.3,1.2,4.2,14,745.6,717.9,826.5,1085.9,,,384,454,452.54,2080.6,315.2,167.753809,98.9,100,100.1,99.8,101.1,21.18,8.45,14.96,52.99,6.82,8840.7,5470.74,109.27,129.36,4587.31,5522.23,6629.45,9082.48,9031.7,499.7,2068.4,74.84,65.68,67.94,19327,15233.1,,7015,,,269846.6467,19563840.5,0.803739531
2010-07-31,,,,,,,,,,,,2.3,1.5,1.5,4.4,16.02,800.5,967.1,811.5,1089.4,,,400,573,436.73,2120.3,316.3,168.8100011,99.3,100,100.9,101.1,97.9,20.03,8.81,13.47,61.86,6.84,8656.22,5658.49,106.27,125.73,4811.45,5741.27,6892,9054.47,8850.7,606,1763.1,74.74,65.92,67.61,20811,16078.5,,9217,,,,,0.803677633
2010-08-31,,,,,,,,,,,,2.6,1.3,1.4,4.4,11.73,650.7,800.4,974.7,1104.2,,,419.4,456,488.21,2228.8,317.4,170.1183181,101,100.2,100.2,101.1,101.8,20.65,7.44,13.84,75.46,6.85,8788.57,5899.71,105.19,124.82,4850.8,5790.01,7046.61,9315.01,9009.5,514.8,1940.3,76.69,66.28,67.89,23605,15434,,9095,,,,,0.803626518
2010-09-30,7716.5,2952.6,10672.2,5558.1,138.3,188.24,3945.3,1261,6511.6,2580.8,2083.6,2,1.3,1.1,4.2,11.86,939.7,792.1,795.6,1181.5,,,434.7,491,476.66,2146.4,319.1,171.0147314,101.9,100.5,99.1,100.5,99.5,20.46,8.28,13.81,83.85,6.87,8936.63,6057.63,104.67,124.81,4897.4,5884.01,7156.07,9389.97,9159,521.8,1719.1,77.79,66.83,68.72,23209,15643.8,,11740,,,277323.2926,19666259.6,0.803354092
2010-10-31,,,,,,,,,,,,2.2,1.4,1.3,4.6,6.63,900,807.5,913.9,1217.6,,,447.3,509,430.13,2311,320,172.0705212,101.4,100.9,99.8,100.9,100.4,20.52,8.06,13.88,92.64,6.89,9065.23,6127.9,100.67,120.55,4942.59,5992.19,7314.54,9619.92,9255.3,592.5,1697.8,82.92,67.17,69.98,24453,17296.7,,10748.6,,,,,0.801586711
2010-11-30,,,,,,,,,,,,2.2,1.5,1.6,4.2,10.18,646.7,777,773.6,1182.3,,,428.6,486,468.11,2388.2,321.2,173.6289265,102.5,100.4,100.9,100.43,101.2,16.95,9.5,13.41,100,6.91,9091.74,6079.3,101.82,123.76,4994.32,5946.48,7417.66,9620.77,9350.8,574.7,2037.9,85.67,67.71,70,24544,17134.8,,14506.9,,,,,0.800011794
2010-12-31,8094.3,2806.5,11391.5,5755.8,140.73,205.09,4683.1,1375,6711.1,2555.3,1743.6,2.2,1.2,1.8,3.7,-2.16,2010.7,3345,2211.1,1645.9,,,568.1,755,461.15,2927.2,325,175.1506754,102,100.9,100.2,101.7,101.6,15.73,7.97,13.13,110.85,6.93,9163.36,6407.6,104.24,127.68,5455.78,6838.35,8297.47,10527.49,9386.3,887.8,1921.2,91.8,68.44,69.79,26956,20558.9,,13471.3,,,285707.301,19913460.6,0.798927822
2011-01-31,,,,,,,,,,,,1.9,1.2,1.8,4.1,-1.26,432,383,1120.1,1224.1,,,411,447.97,372.54,1910.7,325.1,176.4521969,101.5,100,99.6,102.2,100.5,20.35,9.02,11.86,3.4,6.94,9149.77,6566.9,103.78,128.06,5266.82,6294.9,7763.8,10107.26,9383.3,595.27,1572.81,96.3,70.07,70.07,16228,16905.4,,2875.1,,,,,0.797464217
2011-02-28,,,,,,,,,,,,1.9,1.3,1.7,3.8,3.4,688.3,803.4,707.9,1156.9,,,349,543.09,418.68,2247.7,332.3,179.8220869,102.2,100.1,104.3,102.5,100.4,20.55,8.22,12.1,9.6,6.93,9152.8,6705.2,102.76,128.86,5363.09,6481.7,7907.69,10272.61,9401.9,734.42,1816.81,103.96,70.61,70.58,21670,17520.2,,1985.7,,,,,0.795246429
2011-03-31,5019.1,2047.8,10751.8,4910.7,214.22,239.8,4176.8,912.5,5421.6,2368.8,2087,2.1,1.5,1.9,4.1,8.99,655.5,900.9,940.3,1384.4,,,410.6,670.89,390.95,2338.1,339.6,180.8620401,101.8,99.8,100.3,101.4,100.2,20.45,7.54,11.48,19.8,6.94,8365.99,6718.4,101.32,127.28,5427.05,6618.41,8115.49,10757.4,8597.3,562.88,2055.18,114.44,71.05,70.88,26794,21643.5,,6503.6,,47.7,292146.7383,20125954.9,0.793390323
2011-04-30,,,,,,,,,,,,2,1.4,1.6,3.9,5.96,813.4,736.3,1279.9,1134.6,,,332.5,505.51,356.14,2362.4,348.6,180.7648214,99.3,100.1,100.1,99.9,101.1,20.55,7.22,11.04,30,6.93,8569.63,6949.2,99.07,123.26,5457.8,6635.08,8176.44,10760.57,8894.02,824.66,2559.62,123.15,71.36,71.49,26919,20953.5,,5138.2,,,,,0.791956667
2011-05-31,,,,,,,,,,,,2.1,1.4,1.3,4,8.47,826.5,859.4,777,1353.2,,,357.1,582.37,313.61,2333.6,349.6,181.2739061,99.1,100,100,99.4,100.4,18.43,8.38,10.96,40.4,6.92,8680.43,6898.8,99.77,123.21,5610.29,6809.26,8392,11056.13,9040.05,752.2,2578.71,114.46,71.7,73.22,27930,21107,,9702.7,,,,,0.790519355
2011-06-30,5845.1,2654.8,12326.1,5707.7,210.88,215,4791.9,1109.7,6666.2,2752.4,2539.8,1.6,1.4,1.3,3.9,10.18,1060.9,1199.1,785.6,1312.8,,,420.3,551.67,347.28,2296.7,351.3,181.7530587,98.2,99.9,100,100.1,100.1,20.09,8.17,10.82,49.4,6.91,8885.89,6947.5,100.22,122.78,5851.63,7102.84,8735.36,11412.52,9231.07,854.61,2508.08,113.76,71.86,72.18,27478,21605.3,,8171.8,,50.4,300174.0274,20330557.6,0.788036667
2011-07-31,,,,,,,,,,,,2.5,1.4,1.6,3.8,9.64,1014.9,1319.1,1258.1,1307.8,,,457.8,645.25,360.94,2848.3,352.7,181.8680892,98.4,100.1,100,96.6,99.3,19.24,7.95,11.88,57.1,6.91,9050.17,7073.8,101.09,123.3,6198.99,7660.53,9351.38,11921.23,9425.65,797.33,2392.74,116.46,71.86,71.88,26855,21061.3,,12594.4,,,,,0.7865
2011-08-31,,,,,,,,,,,,2.6,1.2,1.5,4,9.82,906.9,1332.6,869.9,1325.5,,,461.5,691.82,364.65,2692.7,353.7,183.1540266,101,100.2,100.3,100.3,100,20.08,8.36,10.72,75.5,6.91,9458.35,7114.2,101.55,124.23,6493.74,7870.52,9569.83,12336.25,9843.78,720.88,2313.51,110.08,71.68,72.4,29428,19679.4,,11160.2,,,,,0.786467742
2011-09-30,7696.7,3281.5,12721.1,6583.3,165.28,200.62,5341.2,1403.6,7596.6,3655.8,2624.1,2.1,1.4,1.2,3.9,10.14,1178.3,1201,1240.1,1436.2,,,482,626.46,349.85,2746.1,354.5,184.3908746,101.9,100.4,100.1,101.8,100,19.76,8.49,10.35,88.29,6.91,9597.65,6943.3,104.46,128.34,6465.9,7798.3,9630.28,12652.17,9997.82,1007.24,1947.81,112.45,71.66,72.95,26841,21203.7,,15510,,46.8,308155.1839,20576576.5,0.786666667
2011-10-31,,,,,,,,,,,,2.3,1.2,1.4,3.5,3.68,1072.6,1162.8,1569.8,1446.5,,,506,585,326.18,2762.3,355.1,183.8017301,100.1,100.4,99.5,100.5,100,18.76,7.71,9.61,91.1,6.9,9706.15,7074.3,105.1,128.61,6505.27,7825.5,9748.64,12652.22,10110.52,780.51,2393.86,109.47,72,75.33,28702,19919.2,,13959.5,,,,,0.786903226
2011-11-30,,,,,,,,,,,,2.3,1.4,1.9,3.2,1.11,1367.9,1489.7,1090.2,1372.4,,,486,608.64,317.78,2739.3,355.7,184.2465166,101.9,100.4,100.1,100.1,102.2,18.22,7.45,9.91,103.77,6.9,9782.79,7027.6,105.7,130.36,6529.38,8022.57,9991.94,12830.74,10187.59,879.31,2504.06,110.5,72.3,76.64,29755,18649.3,,18097.9,,,,,0.786606667
2011-12-31,7794.8,3125.2,16283,6844.2,208.9,219,5095.1,1848.9,9703.9,3764.9,3258,2.2,1.6,2.1,3.4,-2.57,2759.2,2705.3,4044,1991.4,,,658.6,771.08,339.36,3355.6,356.6,184.7568123,101.5,100.1,100.6,101.2,101.7,19.69,7.58,9.78,115.54,6.91,9850.3,10481.5,108.1,134.22,7158.16,8796.01,10997.16,13903.18,10294.25,1246.66,1927.7,107.97,72.62,77.08,29955,20593.9,,16929,,50.5,312337.8111,20830212.5,0.786390323
2012-01-31,,,,,,,,,,,,2,1.6,2.1,3.9,-1.16,459.4,460.8,1547.9,1360.3,,,478.3,531.19,285.24,2062.4,363.1,184.725764,100.1,100,100,100.6,99.8,18.59,8.31,9.86,2.57,6.9,9984.56,10583.8,109.35,136.24,6810.79,8326.3,10550.65,13474.63,10341,657.31,1848.82,110.99,72.98,77.51,19141,17469,,3064.6,,,,,0.786345161
2012-02-29,,,,,,,,,,,,2.1,1.4,2,3.6,3,737,826,927.5,1256.9,,,372.8,693.73,280.69,2481.3,368.4,184.3703864,100.2,100,100.1,99.1,100.2,9.11,7.5,9.76,9.02,6.9,10106.91,10769.7,107.09,133.06,6911.19,8375.62,10694.32,13799.16,10481.6,675.58,2200.08,119.7,73.25,77.95,24696,17787.3,,2933.9,,,,,0.786272414
2012-03-31,5115.3,2302.4,12964.6,5410.9,253.45,235.01,5072.5,1206,5492.2,2162.9,2739,2.3,1.6,2.1,3.8,9.36,903,1556.2,1012.3,1509.2,,,461.6,784.08,276.16,2687.9,380.6,184.0943987,100.7,99.9,100,99.8,102,18.65,6.69,9.73,15.39,7.21,10163.21,10822.6,107.27,132.55,7241.32,9009.91,11263.44,14319.88,10503.5,721.26,1791.7,124.93,73.68,78.27,28405,20677.5,,6429.2,,47.8,309558.7112,21145220,0.786251613
2012-04-30,,,,,,,,,,,,2.1,1.4,1.5,3.5,17.02,1625.5,1051.5,1898.5,1217.4,,,355.5,647.43,280.39,2529.5,378.9,183.6383022,99.1,100,100,98.5,101.1,18.76,7.17,10.27,23.97,7.17,10363.27,10951.7,107.42,131.49,7312.78,8987.96,11202.4,14346.2,10726.9,847.25,2592.51,120.59,73.91,79.46,26771,19272.8,,5833.3,,,,,0.786106667
2012-05-31,,,,,,,,,,,,2.2,1.4,1.4,3.7,17.75,748.5,1753.9,1329.5,1462.3,,,393.3,740.24,242.82,2597.6,379.1,183.3368157,98.1,100,100.2,99.6,100.4,17.74,5.82,9.58,31.74,7.14,10511.52,10891.9,109.62,133.01,7509.92,9210.46,11456.7,14579.48,10904.4,772.65,2301.44,110.52,74.29,79.29,28156,21750.4,,9168.2,,,,,0.785919355
2012-06-30,5848,2805.5,13090.3,6621.6,223.84,236.02,5162.4,1248.9,6488,3200.1,2904.9,1.7,1.4,1.5,3.7,15.95,1451.5,1461.6,1418.7,1390.4,,,443.4,676.28,272.82,2741.1,386.2,183.2107679,97.3,100,100,98.3,99.3,18.89,9.04,9.51,56.63,7.1,10734.81,11046.3,111.96,134.13,7751.81,9475.38,11753.66,14527.48,11111.7,785.13,1976.95,95.59,74.95,78.58,26979,20437.9,,8369.5,,53.9,314906.4212,21230630.9,0.785736667
2012-07-31,,,,,,,,,,,,2.6,1.5,1.6,3.6,17.98,1201.1,1495.7,1547.3,1400.7,,,485.9,811.19,302.28,3132,384.5,183.4523862,98.6,100,100,99.8,96.1,19.01,9.51,9.3,39.84,7.08,10726.41,11122.7,113.04,134.71,8012.35,9688.92,11971,14703.04,11074.2,840,1371.27,103.14,75.87,78.4,29700,20835.2,,11916.9,,,,,0.785605161
2012-08-31,,,,,,,,,,,,2.8,1.1,1.8,3.6,13.52,1257.9,1118.5,1309.7,1375.2,,,500.6,718.6,306.58,3133.2,386,182.9752285,99.2,100,99.7,98.5,99.5,16.96,7.09,9.43,42.64,7.07,11057.8,11279.3,112.49,132.89,8134.57,9931.3,12218.29,15002.99,11446.4,716.61,1744.56,113.34,75.95,78.83,29959,18828.5,,11117.2,,,,,0.78543871
2012-09-30,7838.1,3641.3,14235.1,7582.6,181.61,208.24,5717.6,1515.1,7895.2,3707.8,3263.6,2,1.4,2.1,3.4,12.98,1466.7,1350.1,1530.1,1470.9,,,529.4,734.44,311.47,2863.4,390,183.3208047,101.1,100,100.2,101.7,102.3,19.45,6.78,8.36,46.24,7.03,11380.82,11506.5,110.08,130.03,8315.43,10069.71,12402.36,15343.33,11736.1,750.76,1962.41,113.38,76.37,79.65,27364,19924.3,,14685.1,,55.9,320463.8704,21340142.2,0.785266667
2012-10-31,,,,,,,,,,,,2.4,1.6,1.4,3.2,7.58,1285.2,1135.3,1704.7,1554,,,548.1,794.73,292.29,2900.1,388.2,183.7875629,101.5,100,100,103.6,102.4,14.08,9.45,8.51,50.62,7.01,11643.49,11743.2,109.26,129.62,8415.54,10114.96,12563.57,15606.57,12009.3,895.49,1948.51,111.97,76.72,81.21,32157,18786.7,,13859.4,,,,,0.785074194
2012-11-30,,,,,,,,,,,,2.4,1.3,1.8,3.4,0.97,1479.3,1730.5,1462.7,1442.1,,,539.7,768.88,279.87,2777.5,390.2,184.2837965,101.9,100.3,100.1,100.3,100.9,18.32,7.72,8.75,61.54,7,11730.51,11686,110.04,131.98,8383.59,10122.48,12649.59,15787.74,12125.6,782.87,2355.98,109.71,76.98,81.52,30587,20948,,17172,,,,,0.784876667
2012-12-31,8134.9,3526,14453.7,8130.5,177.68,230.59,5655.4,1792.3,9124.9,4773,3385.3,2.3,1.5,2.1,4,-7.66,2792.2,3116.75,1593.1,2119.7,,,719.5,925.97,291.84,4817.9,396,184.4160255,101.3,100,100,100.3,99.4,20.11,12.74,9.04,75.17,7,12243.72,11694.8,108.34,130.27,9256.64,11122.11,13806.38,16775.3,12656.3,1207.94,1813.73,109.64,77.4,81.83,31855,19827.5,,17393,,50.6,325600.5596,21354483.2,0.784832258
2013-01-31,,,,,,,,,,,,2,1.5,2.1,3.8,1.32,617.7,1391.7,1768.1,1481.7,,,536.1,622.71,253,2273.8,398.4,186.2920387,100.56,100.11,103.05,101.6,99.8,17.04,1.29,9.15,2.06,6.99,12479.27,11964,107.3,130.84,8817.63,10644.17,13685.94,16619.29,11945.56,627.6,1922.71,112.93,78.15,83.17,21712,19564.5,,2970.3,,,,,0.784793548
2013-02-28,,,,,,,,,,,,2.2,1.4,1.9,3.4,8.38,1062.4,1501.7,1433.9,1365.8,1597,1250.5,407.3,819.63,271.61,2511.7,397.4,186.6735719,101.03,99.97,99.98,99.9,101,19.11,9.71,8.24,7.89,6.99,12207.92,11948.3,107.07,130.65,8857.59,10857.35,13905.87,16765.07,11662.74,806.25,2261.11,116.46,78.58,83.42,26484,20345.7,,2618.7,,,,,0.7847
2013-03-31,5233.1,2386.9,12917.5,6256.8,246.84,262.13,5325.4,1340.8,5620.1,2853.4,2882.2,2.4,1.5,2,3.6,16.19,1222.1,1621.4,1467.6,1683.8,929.5,754.3,515.7,864.84,273.22,2951.2,405.1,187.0403224,101.3,99.96,100.01,101,100.6,18.6,7.5,8.64,35.19,6.99,12451.11,12332.6,109.18,133.1,8999.17,11100.92,14184.52,17445.15,11824.59,777.77,2161.94,109.24,78.85,83.98,28370,21322.8,,5797.8,,47.7,335140.2836,21512644,0.784835484
2013-04-30,,,,,,,,,,,,2.3,1.5,1.8,3.5,9.8,1350.5,1728.6,1984.3,1356.4,662.1,694.3,389.9,796.3,257.07,2523,407.2,187.8651332,100.88,99.97,99.98,98.5,99.5,17.98,5.18,8.25,32.14,6.97,13019.49,12499.9,109.03,133.38,8983.87,11226.77,14369.79,17480.38,12385.5,934.39,2071.54,102.88,79.25,84.33,29849,23688.3,,5314.5,,,,,0.78461
2013-05-31,,,,,,,,,,,,2,1.5,1.6,3.8,19.16,1509.9,1191,1595.5,1598.9,797.4,801,436,848.12,253.84,2732.8,409.3,188.4815192,99.1,100.09,100.08,100,98.7,18.11,7.58,7.94,49.54,6.95,13406.32,12572.3,109.27,132.96,9098.24,11292.06,14515.32,17633.85,12773.73,1212.16,1948.35,103.03,79.78,84.45,26383,23838.8,,8570.6,,,,,0.784583871
2013-06-30,6292,3198.1,13919.2,7422.8,221.22,232.1,5727.3,1274.5,7025.8,3370.3,3211.1,1.5,1.5,1.5,3.7,24.05,1599.2,1295.6,1275.4,1581,779.3,802.2,496.6,772.75,244.12,2838.2,411.3,188.6555695,97.42,99.97,100.07,99,99.2,18.92,7.95,8.27,64.18,6.3,13774.08,12720.4,108.92,130.72,9219.74,11470.31,14682.52,17506.28,13065.31,815.1,1604.41,103.11,80.11,85.1,28243,21694.3,,8056,,55.1,344979.252,21585902,0.784596667
2013-07-31,,,,,,,,,,,,2.7,1.4,1.8,3.7,15.49,1437,1494.2,1845.2,1583.6,734.7,797.7,518.9,920.42,252.58,3083.7,413.1,188.8428203,98.32,99.96,100.12,99.6,100.4,17.02,8.49,7.98,93.28,6.36,14199.28,12880.3,109.68,130.82,9455.09,11630.12,14916.31,17954.12,13495.46,1007.57,1893.88,107.72,80.77,85.36,30263,23981.8,,11402.5,,,,,0.784406452
2013-08-31,,,,,,,,,,,,2.8,1.4,1.7,3.6,14.25,1580,1398.9,1518.6,1556.8,843.3,764.7,555.1,844.88,239.65,3118.9,414.1,188.6967775,99.18,100.03,100.11,100.8,100.9,17.45,12.02,8.49,79.06,5.74,14455.07,12958.9,108.82,129.27,9516.86,11796.89,15163.18,18002.77,13626.72,951.3,2090.72,110.97,80.88,85.27,28351,19104.4,,10896.8,,,,,0.784432258
2013-09-30,8316.1,4051.8,15466,8661.9,185.98,213.78,6497.5,1656.9,7485.9,4321.2,4104.2,2.2,1.4,1.5,3.4,13.23,1447.7,1096.6,1393.2,1659.8,854.9,804.9,601.3,832.99,244.04,3360.3,415.3,188.2303457,100.07,100.15,100.03,101.3,100.6,17.09,7.64,10.26,82.01,5.64,14793.33,13262.7,109.35,129.51,9559.95,11817.31,15264.93,18210.15,13935.32,936.09,2103.23,111.62,81.05,85.93,28692,21328.1,25.84,14096.2,,56.7,350036.5656,21594649.4,0.78445
2013-10-31,,,,,,,,,,,,1.8,1.5,1.7,3.6,12.11,1263.4,1301,1952.8,1763.6,896,867.6,593.3,901.21,244.14,3670.6,416.6,188.6668077,101.18,100.43,100.16,100,100.2,16.71,11.88,8.42,86.45,6.51,14991.4,13584.1,107.74,128.26,9724.35,11932.93,15495.52,18449.54,14101.34,808.52,1863.36,109.48,81.51,87.47,30648,20443.8,,13673,,,,,0.784393548
2013-11-30,,,,,,,,,,,,3,1.6,1.8,3.4,6.7,1502.4,1238.7,1437.8,1593.5,811.6,781.9,617.7,923.41,251.16,3193.7,417.3,188.894947,101.37,100.15,100.13,100.5,99.8,17.31,6.78,10.1,96.42,6.89,15245.29,13742.5,108.71,130.28,9849.36,12078.14,15673.9,18856.38,14395.26,851.08,2072.01,108.08,81.97,87.48,29793,21916.5,,16824.9,,,,,0.784346667
2013-12-31,8669.1,3976.1,15879.3,9172.3,183.17,230.69,6829.8,1710.8,8037.5,4733.7,4809.9,2.3,1.7,2.3,3.6,-4.97,3258.5,3852.6,1821.6,2431,1264.6,1166.4,859.4,1149.42,264.72,5297.6,420.5,191.2585881,102.58,102.73,100.45,100.4,100.8,16.8,8.45,10.11,112.91,6.88,15422.94,14152,108.06,131.47,10458.65,12736.89,16434.78,19289.44,14492.75,984.69,1982.17,110.63,82.39,87.88,32481,23593.8,24.46,16534.5,,55.1,350715.0398,21719341.8,0.784409677
2014-01-31,,,,,,,,,,,,1.9,1.6,2.3,3.6,0.18,660.9,1473.04,1710.9,1665.9,900.3,765.6,578.8,777.79,230.54,2618.2,426.2,190.4283041,100.22,100.02,99.11,100.5,106.2,15.52,13.79,9.28,3.42,6.88,15484.64,14219.3,108.97,132.81,9911.73,12277.3,15982.88,19044.85,14574.46,535.83,1870.83,107.57,82.87,89.62,20977,20139.3,,2758.6,,,,,0.7844
2014-02-28,,,,,,,,,,,,2,1.5,2,3.3,3.61,1163.7,1589.52,1401.1,1527.4,804.2,723.2,431.5,941.4,279.97,3017.8,426.3,190.533109,100.8,100,100.01,100,113.1,17.4,8.89,7.64,13.66,6.87,15616.3,14444.8,110.1,134.1,9956.13,12351.35,16124.66,19273.56,14847.82,654.22,1907.68,108.81,83.45,90.01,24089,18829,,2615.2,,,,,0.784378571
2014-03-31,5334.3,2580.3,13117.1,6876.1,245.9,266.48,5638,1394.3,5292.7,2841.6,3263,2.1,1.4,2.1,3.6,4.67,1301.3,1311.7,1368,1890.4,994.7,895.7,555.9,1018.96,280.46,3445.8,434.2,190.3460501,100.63,100.01,100.06,99.7,99.7,17.35,8.63,9.77,37.4,6.86,15889.52,14715.7,109.8,133.1,9953.61,12300.49,16132.31,19377.02,15228.11,574.09,1598.79,107.41,84.3,91.02,27372,21285,26.35,5609,,43.8,360889.5484,21717771.3,0.784341936
2014-04-30,,,,,,,,,,,,2.1,1.6,1.7,3.7,13.6,1502,1694.39,1989,1502.6,725.8,776.8,411.7,938.32,287.6,3015,436.6,190.7696871,100.23,100.24,100.1,99.9,99.6,15.71,7.68,10.05,41.97,6.85,16245.38,14871.1,110.1,133.1,10050.7,12437.77,16489.68,19792.56,15634.96,970.13,1778.86,107.88,85.06,92.24,27753,21425.9,,5493.3,,,,,0.784336667
2014-05-31,,,,,,,,,,,,2.2,1.5,1.6,3.7,17.35,1493.3,1271.72,1569.7,1746.5,846.2,900.3,467.5,988.18,282.97,2945.6,438.1,190.5900902,98.11,99.97,100.04,99.5,100,16.14,7.1,10.13,52.71,6.83,16595.37,15091.3,109.8,131.2,10207.24,12545.78,16695.75,19968.56,16036.18,775.26,2323.08,109.68,85.83,92.61,26159,21480.4,,8506.1,,,,,0.784370968
2014-06-30,6454.1,3436,15292.1,8217.9,236.94,239.17,6993.2,1551.7,6781.5,3627.1,3434,1.5,1.5,1.7,3.4,20.94,1504.7,1383.42,1293.4,1751.4,851.1,899.8,537.1,970.26,289.38,2738.2,439.7,190.5893004,97.08,99.92,100.15,99.4,100.8,16.58,8.26,9.7,60.71,6.83,16754.8,15163.2,110.26,129.81,10335.52,12710.58,17005.08,20569.25,16123.15,625.3,1766.97,111.87,86.36,92.89,26745,21554.2,24.95,8477,,45.9,355034.4539,21822403.3,0.784303333
2014-07-31,,,,,,,,,,,,2.6,1.7,1.8,3.7,24.36,1449.6,1587.4,1748.4,1758.8,857.7,901.6,549.9,1090.08,301.76,3238.7,440.7,190.5779752,97.99,100,100.2,97.36,99.9,17.75,10.13,9.42,76.69,6.82,17034.05,15193.4,110.23,128.93,10508.86,13036.84,17435.08,21225.4,16417.85,749.61,2002.8,106.98,86.78,93.32,29153,20769.7,,11368.5,,,,,0.784329032
2014-08-31,,,,,,,,,,,,2.8,1.5,2.1,3.7,17.26,1369.8,1157.7,1320.1,1756.4,856,900.4,584.4,949.65,282.15,3025.5,440.8,190.9442421,99.93,100.04,100.03,102.3,99.3,17.17,9.9,9.58,73.23,6.82,17308.95,15190.9,112.33,131.15,10488.03,13000.91,17452.39,21306.4,16744.6,728.04,2102.02,101.92,86.99,93.41,25278,20282.4,,11274.1,,,,,0.784309677
2014-09-30,8536.9,4321.8,15870.9,9444.2,185.91,218.52,7039.8,1744,7215.7,4317.4,4548.2,2.2,1.5,1.7,3.4,13.64,1423.2,1225.11,1659,1871.3,912.1,959.2,644.2,983.96,285.89,3123.8,441.5,192.4128692,102.63,100,100.05,102.08,99.6,17.09,7.83,9.66,98.63,6.82,17631.59,15042.4,115.3,135.4,10389.98,12834.78,17367.81,21133.13,17049.98,908.59,2005.81,97.34,87.56,93.54,26037,21464,24.04,13970.5,,48,363761.8554,21752993.2,0.784356667
2014-10-31,,,,,,,,,,,,1.6,1.7,1.8,3.6,5.99,1351.3,1166.8,1712.2,2000.3,980.4,1019.9,641.7,989.34,288.43,3208.6,441.8,192.2705545,100.62,99.99,99.96,102.6,98.3,16.68,9.87,7.86,81.98,6.82,17841.52,15033.6,117.41,137.77,10306.39,12680.8,17370.04,21372.11,17274.51,839.73,1838.11,87.27,88.28,95.31,26785,20051.1,,13832.6,,,,,0.784329032
2014-11-30,,,,,,,,,,,,3,1.5,2.1,2.8,8.84,1473.3,1246.1,1387.1,1768.5,907,861.5,656.9,977.29,287.96,3250.7,442,191.6393841,100.23,99.99,99.99,103.71,97.2,18.74,9.31,7.94,88.6,6.81,18151.9,14996.3,120.58,141.59,10318.28,12775.72,17525.15,21689.76,17613.64,751.32,1518.52,78.44,89.41,95.49,23072,21707.2,,15998.1,,,,,0.78439
2014-12-31,8982.6,4333.4,14734,9840.6,164.03,227.09,7143.6,1734.2,6247.6,4681.3,4942.6,1.8,1.7,2.2,3.5,1.34,2925.5,3602.1,1241.7,2762.2,1387.7,1374.5,956.8,1245.23,309.15,5732.8,444.3,191.2980683,101.12,100,100.15,101.52,97.9,16.22,7.74,7.78,97.1,6.79,18542.61,13758.27,124.45,146.59,10152.45,12830.42,17435.83,21566.36,17896.84,1075.58,1115.15,62.16,91.75,95.06,24457,22154.4,23.83,15868.3,,53.7,368663.7625,21701735.7,0.784445161
2015-01-31,,,,,,,,,,,,2,1.8,2.3,3.7,-6.31,682.7,1263.18,1682.2,1820.8,913.8,907,615.5,899.37,278.36,2680.9,444.4,191.095406,100.4,99.97,100.05,101,95.5,19.25,8.73,7.94,4.2,6.77,18579.8,12680.8,129.35,153.12,9347.93,11753.46,16236.45,20568.5,17758.09,574.67,1277.55,48.42,95.28,96.11,12156,17055.2,,1780.2,,,,,0.7844
2015-02-28,,,,,,,,,,,,1.9,1.6,2,3.3,-4.24,1014.8,1419.12,1079.7,1723,861.3,861.7,461.2,1077.42,332.43,3178.5,444.5,197.9849323,106.61,103.12,101.24,101,94.1,17.91,7.13,8.02,17.86,6.77,20697.2,11004.43,121.38,148.4,7957.73,10108.17,13607.04,20106.17,19834.38,1134.64,1056.78,57.93,97.4,96.8,15418,17781.9,,1920,,,,,0.860482143
2015-03-31,5500.5,2608.5,11538.7,7219,209.78,276.75,5759.5,1398,4758.9,3108.1,2880.1,2.3,1.8,2.1,3.7,-2.35,1535.3,1507.5,1176.9,2216.5,1118.9,1097.6,598.9,1136.9,302.47,3596.5,449.5,198.8772217,101.79,100.54,100.08,100.4,104.2,15.54,8.42,8.07,24.29,6.76,20632.33,9472.13,101.9,124.36,7396.6,9292.74,12493.1,19507.39,19729.01,722.17,1049.31,55.79,98.57,97.95,17082,19529.3,6.17,3872,,46.3,375634.2716,21480864.1,1.048877419
2015-04-30,,,,,,,,,,,,2,1.6,1.9,3.5,1.31,1635.8,1988.9,1417.4,1736.4,859.4,877,436.3,1052.75,310.94,3193.4,452.3,198.7342185,100.45,99.55,99.1,99.1,104.6,20.17,7.01,7.29,37.73,6.74,20595.46,8387.92,101.09,122.38,6420.89,8267.57,11004,18982.88,19717.1,975.4,886.6,59.39,99.03,99.54,16170,18760.2,,4599.9,,,,,1.050293333
2015-05-31,,,,,,,,,,,,2,1.7,1.7,3.4,7.66,1547.7,1151.5,1067.9,2034.9,1023.9,1011,503.7,982.52,265.48,3513.8,454.8,198.8339732,98.47,100.18,100.07,97.6,102.4,19.97,7.65,7.46,57.06,6.74,20468.14,8430.78,98.98,118.75,6492.68,8363.17,11051.43,18966.81,19708.31,665.2,1011.98,64.56,99.37,100.1,15290,18319.5,,6240.8,,,,,1.04836129
2015-06-30,6509.4,3505.1,14192.2,9030.5,218.03,257.64,7535.8,1509.2,5024.4,4036.6,3455.5,1.4,1.5,1.7,3.4,11.69,1509.3,1247.7,1382.9,2430.9,612.9,1818,586.9,985.27,274.59,3663.2,456.3,198.9795739,97.28,99.97,100.05,94.3,102.6,18.36,3.85,7.02,61.21,6.73,20288.46,8520.15,99.6,118.1,6355.58,8300.97,10991.81,18849.36,19622.37,633.05,949.23,62.35,99.56,99.59,16221,18735,10.94,7035.7,,49.6,381358.0717,21336910.1,1.048076667
2015-07-31,,,,,,,,,,,,2.5,1.9,1.9,3.5,15.28,1442.9,1395,1570.2,2016.7,931,1085.7,611.8,1123.57,302.68,3779.8,458.1,199.1160988,98.27,100.01,99.99,94.1,99.1,17.69,6.01,7.04,70.48,6.72,20187.49,8501.51,100.73,118.78,6374.53,8213.61,10853.48,18855.4,19493.11,607.66,1240.85,55.87,100.36,99.68,16763,18977,,8735.3,,,,,1.049132258
2015-08-31,,,,,,,,,,,,2.7,1,2,3.4,8.02,1181.6,821.1,1289.9,1917.3,1608.6,308.7,610.1,996.88,290.8,3068.6,459.4,199.2451884,99.7,100.11,99.95,100.3,97.5,20,8.83,6.33,75.9,6.72,20095.84,7315.44,102.33,120.37,5502.8,7089.47,9545.66,17734.27,19309.2,595.15,710.94,46.99,100.71,100.07,16232,16420.8,,8883.7,,,,,1.048596774
2015-09-30,8492.9,4322.3,14118.1,9423.5,166.23,218.02,8342.4,1901.4,5325.1,5548.7,4440.7,2,1.6,1.6,3.5,0.2,1281.1,856.4,1399.2,2192.6,1107.7,1084.9,687.4,962.39,271.94,3448.1,459.7,199.1264106,100.63,100.08,100.04,98,99.5,17.97,6.61,6.62,81.2,6.71,19113.5,7014.74,103.33,121.63,5456.93,7189.04,9368.92,17684.02,18387.25,681.41,586.69,47.24,101.29,100.97,16831,15912.5,7.31,10832.3,,48.6,386702.8581,21378201.9,1.048046667
2015-10-31,,,,,,,,,,,,1.4,1.9,1.7,3.6,3.69,1246.9,2274.6,1794.2,2304,1130.8,1173.2,667.1,1028.98,298.85,3395.9,460.5,198.8285579,100.27,100.06,100.03,101.8,99.2,3.93,6.66,6.74,87.48,6.71,18566.4,6834.56,102.58,120.45,5429.32,7214.7,9363.64,17369.49,17897,863.28,994.95,48.12,102.03,102.54,16917,17372.2,,11157.7,,,,,1.0481
2015-11-30,,,,,,,,,,,,2.9,1.7,1.9,3.3,3.07,1360.7,1544,1579,2041.5,1016.9,1024.6,671.7,976.1,297.73,3251.5,460.5,198.8842098,100.9,100.03,100.01,101.8,98.6,21.77,6.66,7.15,94.32,6.71,18744.3,6245.64,104.58,123.14,5176.89,6980.34,9050.04,17444.48,18062.56,756.68,854.2,44.42,102.8,103.22,16434,16256.8,,12843.3,,,,,1.050366667
2015-12-31,9112.7,4362.9,14531,9477.8,159.46,217.24,9190.4,1939,5444.4,6234.5,4355.1,2.1,1.6,2.1,3.4,4.57,1518.2,2318,1712.5,3286.5,1686,1600.5,1012.2,1249.83,360.59,4968.4,464.4,206.085348,104.46,107.05,101.93,100.4,97.5,17.38,8.57,6.71,101.75,6.71,21730.45,5016.69,89.75,110.01,4775.93,6897.18,8678.3,21286.91,20827.61,1012.09,805.38,37.72,103.59,103.44,17505,18499,3.73,13525.7,,42.6,391215.1657,21323115.5,1.22896129
2016-01-31,,,,,,,,,,,,1.6,1.6,2.1,3.5,3.57,880.7,516,1349.3,2243.2,1124.8,1118.4,666.9,877.7,341.33,3080.6,478,217.2993182,108.7,105.59,102.08,101.3,103,14.1,9,5.65,0.64,6.71,21199.45,4398.52,70.98,92.34,4485.02,6273.73,8001.74,19930.19,20305.45,434.26,640.08,30.8,104.59,105.32,9844,13636,,2113,,,,,1.581429032
2016-02-29,,,,,,,,,,,,1.8,1.6,1.9,3.4,4.75,954.2,829.9,1032.6,2015,1025.2,989.8,479,980.66,334.52,3378.7,470.2,217.3627368,100.6,100.55,100.15,100.3,102.7,15.6,8.25,5.89,0.19,6.71,20327.41,4026.25,70.66,92.17,4960.21,6793.21,8686.37,19598.84,19471.24,542.04,553.63,33.2,105.24,105.29,12861,16112.9,,2196,,,,,1.572410345
2016-03-31,5298.7,2447,12817,7809.2,241.89,319.13,7539.9,1604,5889.6,5762.9,2893.1,2.2,1.6,2,3.6,7.23,1041.9,1277.6,1296.2,2535.2,1279.9,1255.3,638.7,1096.49,336.4,3844.2,484.4,217.347397,100.28,100.52,100.5,99.7,105.7,17.81,8.41,5.88,11.03,6.71,19686.96,4065.8,68.24,88.93,5034.92,7054.63,8943.02,20635.12,18744.46,848.95,536.44,39.07,105.73,105.25,15352,18252.9,,4796,,45.3,392629.557,21363642.6,1.602654839
2016-04-30,,,,,,,,,,,,1.8,1.5,1.7,3.5,9.54,1414.5,1376.3,1035.6,1945.1,934.7,1010.4,454.2,971,290.97,3486,486.3,218.2564035,100.13,100.51,100,100,101.6,18.14,8.2,5.85,3.7,6.7,18758.68,4120.63,70.84,92.18,5303.45,7413.66,9205.76,20565.73,17867.81,768.57,670.83,42.25,106.19,106.08,15113,16396.3,,4646,,,,,1.515933333
2016-05-31,,,,,,,,,,,,2,1.5,1.6,3.5,20.54,1097.5,1310.2,740.2,2260.7,1114.8,1145.9,529.3,1050.11,287.01,3722.1,488.4,219.2206841,99.33,100.32,100.25,99.3,104.2,16.99,8.25,5.32,4.18,6.7,18197.11,4284.26,71.65,92.84,5578.35,7747.29,9600.71,20629.74,17302.28,737.47,587.03,47.13,106.63,106.69,14437,17684.8,,7429,,,,,1.502070968
2016-06-30,6303.7,3283.8,15186.8,9381.6,240.92,285.69,8849.8,1808.6,7115.4,6716.9,3506.4,1.3,1.6,1.7,3.6,15.79,1380.8,1511,679.9,2805.2,1311.2,1494,619.3,1046.24,327.5,3982.3,488.1,220.5799632,98.72,100.3,99.97,99.5,100.8,16.97,8.43,4.64,4.42,6.7,18434.22,4283.94,71.29,91.72,5670.88,8017.58,9806.54,20851.48,17268.51,714.5,772,48.48,107.01,107.19,15982,19866.8,,7321,,43.2,398247.64,21375138.1,1.515746667
2016-07-31,,,,,,,,,,,,2.5,1.6,1.9,3.6,14.73,1190.1,1372.5,854.3,2365.1,1207.2,1157.9,649.3,1153.97,326.25,4188.8,489.3,221.444183,98.41,100.2,101.04,99.7,100.9,6.74,10.61,4.3,5.05,6.7,16713.35,4162.88,70.15,89.98,5839.53,8401.83,10096.6,21101.89,15371.01,712.71,768.93,45.07,107.59,108.44,16144,15128.6,,10296,,,,,1.56003871
2016-08-31,,,,,,,,,,,,2.8,1.4,2.2,3.5,12.23,1039.4,1372.2,1273.9,2294.2,1186.3,1107.9,645.9,1101.22,364.18,3289.7,488.7,222.9767408,100.65,100.49,100.38,100.3,99.7,15.77,8.02,5.9,4.18,6.7,16839.65,4192.52,67.56,87,5763.42,8159.24,9861.4,21154.05,15602.97,775.59,1353.34,46.14,107.6,108.13,18449,16859.5,,9962,,,,,1.61206129
2016-09-30,8239.8,4045.3,15764.2,9675.5,191.32,239.18,8904.1,2097.1,7313.6,6529.4,4337,2.1,1.4,1.7,3.1,8.8,1269.6,1056.3,1841.1,2622,1319.5,1302.5,728.2,1034.62,341.62,3790.1,490.5,227.2537612,103.95,101.58,100.59,101.1,102.5,16.23,9.43,5.65,4.27,6.7,16785.06,4132.67,66.76,87.69,5682.65,8346.12,9966.41,20134.15,15539.34,672.9,831.9,46.19,107.79,108.32,17959,15644.4,,13068,,46.1,386827.1982,21396677,1.63473
2016-10-31,,,,,,,,,,,,1.5,1.7,1.9,3.4,16.75,1620.5,1846.2,1971.94,2785.1,1377.9,1407.2,695.6,1070.4,335.81,3873.3,493.8,229.8657147,102.29,101.15,100.24,101.8,102.7,18.1,7.55,5.62,4.57,6.7,15820.03,4005.48,68.84,91.2,5742.29,8157.71,10679.03,20122.58,15093.71,757.13,644.49,49.73,108.25,109.88,18180,17024,,12931,,,,,1.611587097
2016-11-30,,,,,,,,,,,,2.9,1.5,2.1,3,10.44,1119.9,1458.8,861.6,2458.9,1216.9,1242,698.6,1099.19,295.65,3392.7,494.3,233.0097136,102.56,101.86,100.31,102.1,99.5,18.7,11.1,6.69,4.94,6.69,16275.49,4010.95,67.18,90.31,5833.54,8387,10942.42,20271.88,15754.77,758.95,956.23,46.44,108.72,110.45,17615,17023.1,,15901,,,,,1.691956667
2016-12-31,8866,4114.8,16657.2,10080.5,187.88,244.98,10180.9,2244.1,7735.4,7366.2,4390.7,2.3,1.7,2.3,3.3,-5.62,1894.3,3815,4564.54,3860.6,1979,1881.6,1004.8,1299,311.69,5366.6,498.6,238.2756571,104.06,102.2,102.38,102,112.7,18.28,6.73,7.78,4.94,6.69,16444.56,3974.37,66.29,91.29,6376.86,8960.32,11546.35,20889.6,15800.22,809.38,828.37,54.07,109.16,112.26,19557,18560.1,-7.1,16390,,48.3,408139.8744,21573246.1,1.749916129
2017-01-31,,,,,,,,,,,,2,1.7,2.2,3.4,0.09,954.2,924.87,1243.64,2575.7,1200.6,1277.5,700.6,928.2,269.46,3476.1,504.8,242.8861343,102.83,102,101.9,102.6,101.7,17.48,5.07,10.86,10.11,6.68,16705.16,4327.17,64.16,90.17,5922.86,8185.51,10749.33,21034.85,16043.62,450.04,1108.76,54.89,109.84,115.03,13618,16090.8,,3477,,,,,1.817941935
2017-02-28,,,,,,,,,,,,2,1.6,2,3,4.86,1139.5,1266.8,1126.88,2350.2,1298.2,1149.7,514.9,1116.58,294.05,3504.2,499.9,245.9568144,102.52,100.89,101.04,101.4,103.9,18.62,6.16,10.96,14.8,6.67,15878.57,4369.28,64.61,91.88,5993.2,8240.18,10764.03,20151.2,15336.82,530.42,1283.99,55.49,110.08,115.96,15476,16266.4,,3062,,,,,1.786582143
2017-03-31,5276.7,2552.6,15475.5,8576.2,293.28,335.98,8966.5,1661.7,7790.2,6573.8,2951.9,2.2,1.5,2,3.1,10.58,1088.6,1721.06,1220.98,3000.1,1540.5,1459.6,700.4,1304.78,293.68,4381.8,514.3,248.9365222,103.08,100.56,100.47,101.3,100,19.24,7.27,13.37,24.74,6.66,15533.34,4432.72,66.41,95.49,6145.23,8410.84,10981.98,19902.93,14940.71,542.34,1170.65,51.97,110.22,117.14,19003,19443.4,-12.33,6973,,48.1,413726.7595,21616782.1,1.734690323
2017-04-30,,,,,,,,,,,,1.9,1.5,1.8,3.1,6.94,1351.1,1477.23,1430.36,2299.6,1131.6,1168,509.9,1104.78,303.76,3293.5,520.5,250.095192,100.39,100.22,100.05,99.2,99.9,20.17,7.95,12.48,20.51,6.66,15453.51,4619.3,66.7,95.63,6348.6,8955.42,11610.05,21081.81,15039.26,641.96,1211.47,53.06,110.59,118.67,18264,17863.6,,5590,,,,,1.70626
2017-05-31,,,,,,,,,,,,2.1,1.5,1.6,3.3,10.42,1138.3,1334.14,1313.87,2692.6,1358.1,1334.5,597.7,1231.39,338.57,3958.3,520.1,251.7770469,98.67,100.22,102.06,99.2,100.3,20.57,7.38,11.09,15.39,6.67,14794,4825.42,66,94.6,6538.27,8930.51,11568.54,20856.37,14242.48,651.84,1239.9,50.87,110.99,119.2,19636,21342.6,,10121,,,,,1.702341935
2017-06-30,6312.2,3421.1,17422.6,10687.3,276.01,312.39,9959,1873.6,8130.3,7428.7,3953.1,1.4,1.5,1.6,3.3,18.33,1466.9,1469.77,1387.08,3264.6,1571.1,1693.5,698.8,1249.27,331.49,4912.8,522,251.8678757,97.48,100.05,100.06,99.9,99.6,17.61,8.46,11.17,15.68,6.67,13882,4964.06,65.66,93.14,6774.45,9263.37,11435.89,20973,13317.32,593.27,1102.87,46.9,111.67,118.88,20820,19570.3,-7.7,8481,,52,423161.0487,21766049.3,1.702196667
2017-07-31,,,,,,,,,,,,2.6,1.6,1.4,3.3,20.68,1590.2,1571.71,1687.88,2804.4,1462.2,1342.2,722.4,1277.08,342.8,4190.2,523.1,253.4086208,98.96,101.64,100.44,100.3,105.3,17.19,7.64,10.42,21.06,6.66,12860.84,5033.05,65.48,93.09,6937.01,9288.69,11338.47,20824.38,12082.47,959.88,1105.6,48.69,111.75,119.06,20842,21886.4,,13353,,,,,1.701735484
2017-08-31,,,,,,,,,,,,2.8,1.2,2,3.1,15.29,1139.7,1561.89,1378.06,2735.7,1420.7,1315,719.4,1240.49,332.99,4053.9,524.7,254.5481231,100.27,100.08,100.2,103.9,100.9,21.44,8.15,9.18,22.06,6.65,12376.6,5101.21,64.89,92.24,7001.14,9402.35,11137.55,20556.3,11716.55,931.77,1382.2,51.37,111.15,119.67,22447,19473.1,,11422,,,,,1.700816129
2017-09-30,8260.3,4214.8,18037.5,10959.6,218.36,260.03,10616.5,2156.2,8827.2,7631.2,4867,2.1,1.4,2.4,3.2,3.89,1222.3,1456.24,1256.33,3077.8,1573.1,1504.7,815.3,1178.08,333.99,4476.2,525.6,255.5736414,101.4,100.36,100.15,100.3,101.2,22.16,7.17,8.44,21.56,6.64,12437.25,5167.46,64.14,91.46,7092.3,9800.73,11464.5,21133.72,11849.99,876.35,1159.31,55.16,110.98,120.45,20558,20792.6,-8.21,16907,,50.3,429575.8254,21913935.5,1.700753333
2017-10-31,,,,,,,,,,,,1.5,1.6,1.6,3.4,1.1,1445.7,1366.54,1512.07,3233.1,1628.7,1604.4,778.1,1280,339.08,3943.7,525.4,258.0692773,102.3,100.28,100.18,101.7,101.4,19.14,8.76,8.41,23.21,6.64,12152.18,5200.66,65.26,93.6,7089.75,9718.65,11546.73,21449.62,11661.94,780.57,910.66,57.62,111.2,122.95,21526,21653.4,,15068,,,,,1.7002
2017-11-30,,,,,,,,,,,,3.1,1.5,1.1,3.2,4.38,1151.9,1312.86,1192.11,2828.9,1439,1389.9,775,1272.27,343.19,3199.2,525,257.7437319,100.29,100.27,99.98,100.3,100.9,22.2,8.28,7.94,28.16,6.64,12226.17,5254.24,66.32,94.87,7149.36,10104.99,12044.71,21517.92,11817.19,832.36,1069.97,62.58,111.45,124.79,22012,20984.7,,20583,,,,,1.700216667
2017-12-31,8903.1,4290.7,19402.2,11070.9,217.93,258.02,10963,2285.8,9399.8,7805.8,4980.5,2.4,1.6,1.9,3.4,5.92,1862.4,2125.26,1697.65,4405.3,2259.6,2145.7,1103.5,1546.08,378.13,5773,528.2,257.2242262,100.99,100.23,99.96,100.5,100.6,20.51,7.13,7.89,35.72,6.63,11757.79,5334.6,65.92,94.26,7490.33,10544.24,12466.43,22772.07,11363.19,991.21,1066.24,64.21,111.91,125.64,24182,23347.8,0.84,18972,,49.6,437663.7122,21918545.9,1.700077419
2018-01-31,,,,,,,,,,,,1.8,1.6,2.2,3.4,9.99,960.3,976.51,1393.13,2794.6,1411.4,1383.2,737.5,1138,311.81,3882.3,519.8,256.4775267,100.51,100.21,99.23,100.1,101.6,20.21,10.27,11.8,14.56,6.63,11656.14,5381.21,64.52,92.18,7381.49,10192.19,12272.67,22755.4,11439.61,689.76,1038.71,68.99,112.26,126.93,16726,22177.2,,3938,,,,,1.7001
2018-02-28,,,,,,,,,,,,2,1.3,1.9,3,16.78,864.4,1493.09,1216.41,2520.2,1279.9,1240.4,536.7,1323,375.03,3818,510.8,256.1284723,100.39,100.08,99.91,100,100.3,15.83,7.75,10.77,69.25,6.63,11561.1,5387.32,64.09,91.34,7311.69,10434.35,12744.88,22868.08,11216.25,762.82,1172.42,65.42,112.5,127.85,19130,19877.2,,3608,,,,,1.7001
2018-03-31,5344.6,2610,17466.6,8895.9,326.81,340.84,10219.7,1710.1,8763.3,6645,2879.7,2.4,1.5,1.8,3.3,17.72,1044.5,1938.44,1953.41,3176.8,1612.8,1564,729.9,1518.58,332.64,4833,532.4,255.6673166,100.46,99.96,100.07,99,100.6,19.85,8.22,10.78,15.49,6.63,11663.48,5508,64.4,91.43,7404.17,10691.74,13005.88,22459.5,10921.32,739.13,1144.55,66.44,112.82,129.12,21659,22262.2,3.85,7536,,47.7,444191.3025,22215812.6,1.700019355
2018-04-30,,,,,,,,,,,,2.1,1.2,2,3.1,17.81,1290.9,1557.99,2056.94,2397.1,1162,1235.1,536.3,1360.46,344.42,3739.5,538.8,255.6455995,99.55,99.98,99.99,99,100.1,18.62,7.21,12.39,26.13,6.62,11815.78,5465.79,65.41,92.2,6919.29,10201.03,12425.14,22119.98,11295.22,834.55,2296.76,71.63,113.25,131.54,20991,21203.5,,7445,,,,,1.7
2018-05-31,,,,,,,,,,,,2.1,1.6,1.7,3.3,25.58,1080.7,1628.4,1625.35,2808.9,1392.6,1416.3,635.1,1478.97,320.66,4480.9,541,256.8119401,98.67,99.98,101.64,98.3,100.33,20.57,7.05,11.58,23,6.6,11945.5,5471.38,67.62,94.78,7053.5,10273.59,12599.05,22145.14,11567.47,829.18,1718.19,76.65,113.68,133.68,21354,23190.7,,11732,,,,,1.7
2018-06-30,6391.6,3489.2,19417.6,10733.5,303.8,307.62,10569.7,2002.2,10813.8,7579.7,3892.2,1.5,1.7,1.7,3.2,16.67,1090.9,1929.89,1576.33,3448.2,1640.3,1807.9,730.7,1407,315.93,4951.5,541.1,257.3971529,98.44,100.05,100,99,100.29,18.17,7.7,11.64,18.99,6.6,12105.58,5512.66,68.61,94.98,7173.81,10656.12,12984.7,22683.61,11601.39,805,1291.63,75.19,114.24,137.17,21061,19542.8,2.75,12089,,54.2,446449.775,22339798.1,1.7
2018-07-31,,,,,,,,,,,,2.7,1.6,2.2,3.3,14.79,1125.6,2124.97,2256.54,2936.4,1522.1,1414.3,759.3,1633.07,328.3,4625.8,542.3,256.8672781,98.52,100.09,100.07,96.8,103.4,21.18,8.57,11.23,18.58,6.6,12170.67,5546.93,69.39,95.39,7381.4,11036.89,13347.24,22727.97,11658.18,1116.96,2085.92,74.44,114.55,137.92,21244,20957.9,,15417,,,,,1.7
2018-08-31,,,,,,,,,,,,3,1.6,2,3.2,13.62,1496.3,1836.42,1951.54,2884.1,1511.3,1372.8,770.5,1517,328.87,4455.3,541.2,259.8983487,100.27,100.09,102.19,101.8,103.1,21.5,7.6,10.63,19.31,6.6,12306.54,5503.48,72.75,100.23,6905.61,10601.76,12875.44,22431.61,11908.1,1086.39,2131.47,73.13,114.56,141.09,21671,15566.9,,16156,,,,,1.7
2018-09-30,8375.7,4307.1,20265.4,11082.7,241.95,257.31,11085.2,2206.5,11776.4,7814.6,4859.3,2,1.7,1.7,3.2,9.1,1195.1,2180.35,2060.06,3191.7,1601.5,1590.2,850.5,1411.16,314.86,4904,540.5,260.0411969,100.43,100.17,100.07,101.2,98.9,21.17,6.71,10.62,77.9,6.57,12302.42,5534.55,73.71,100.33,6878.35,11108.12,13498.86,23146.36,11994.6,1041.62,1394.71,78.86,114.74,149.99,19809,16931.3,3.42,19484,,53,439348.775,22393696.4,1.7
2018-10-31,,,,,,,,,,,,1.7,1.8,1.8,3.2,4.35,1334,2103.89,2107.31,3315.4,1646.5,1668.9,830.5,1588.28,312.28,4181.2,540,260.2511518,100.22,100.22,100.05,101.5,99.85,19.71,7.19,10.42,31.19,6.57,12281.3,5536.38,73.13,98.9,7122.69,11613.44,13995.88,23590.7,12155.47,1347.48,1696.21,80.47,115.14,153.99,21500,16402.7,,20479,,,,,1.7
2018-11-30,,,,,,,,,,,,3,1.8,2.1,3.3,7.64,1416.7,1900.2,1947.66,2963.3,1492.3,1471,827.9,1561,307.41,3497.3,540.1,261.0077796,101.16,100.22,100.1,101.4,100.22,17.33,6.5,6.56,27.59,6.56,12564.15,5590.93,72.6,98.86,7309.08,11747.18,14130.02,23727.53,12613.94,1042.69,1947.9,65.17,115.72,151.77,21282,16295.4,,23490,,,,,1.7
2018-12-31,9071.8,4422.5,22942.4,12140.2,252.9,274.51,11487.7,2464,11970.1,8059.5,4943.1,2.5,1.8,2,3.3,6.16,4338.8,3048.74,2266.32,4653.2,2365.7,2287.5,1186.8,1836,326.17,6319.8,544.1,261.6239996,101.7,100.16,100.05,100.8,99.74,17,5.91,6.85,30.52,6.55,13020.3,5625.74,72.56,99.58,7601.37,12274.63,14643.62,24060.39,13057.84,1169.39,1540.17,56.46,116.69,151.15,22429,16744.7,8.1,24170,,50.2,426214.5989,22542361.6,1.7
2019-01-31,,,,,,,,,,,,1.8,2,2.2,3.3,6.76,868.7,1269.11,2097.2,2898.5,1456,1442.5,768.7,1440,281.42,3800,557.2,261.4085112,100.93,100.17,99.25,101.1,99.1,18.93,5.52,9.46,13.04,6.55,12884.65,5655.95,72.37,99.55,7294.86,11567.36,13961.65,23679.27,12703.18,1024.98,1279.41,59.27,117.87,152.76,16369,16164.9,,3770,,,,,1.7
2019-02-28,,,,,,,,,,,,2,1.9,2,3.1,10.45,842.5,1685.64,1435.73,2616.5,1325.3,1291.3,558.9,1542,305.68,3819.7,554.9,261.8379596,101.15,100.08,100.16,100.1,101.6,17.34,5.32,9.28,23.51,6.53,12974.58,5761.92,72.04,99.25,7328.51,11963.62,14392.68,24560.27,12778.94,1132.65,1872.33,64.13,118.39,153.01,18182,16056.5,,3787,,,,,1.7
2019-03-31,5532.73,2677.83,18195.1,9382.8,328.86,350.39,11122.9,1885.2,9464.6,6088.8,2972.1,2.3,2.1,2.1,3.3,6.91,988.5,2081.15,1906.76,3328,1690.8,1637.2,765,1778,299.99,4970.9,577.6,262.211728,101.28,100.06,100.13,101.2,102.85,18.61,5.27,9.27,16.21,6.52,13058.03,5778.56,72.41,99.56,7535.02,11726.33,14293.51,24198.72,12776.21,970.23,1332.52,66.41,118.77,154.58,20906,18250.5,10.01,7725,,48.6,433826.4409,22533911.4,1.7
2019-04-30,,,,,,,,,,,,2.2,2,1.9,2.7,8.89,1216.3,2184.58,2063.7,2514.3,1232.8,1281.5,566.9,1767,305.37,4481.4,581.2,263.5168307,100.8,100.07,100.08,99.1,99.63,18.17,5.74,9.11,40.95,6.51,13011.35,5788.96,73.27,100.35,7780.8,12340.28,14965.26,24473.38,12746.49,1425.91,2605.4,71.2,119.11,157.2,22020,18073.1,,7789,,,,,1.7
2019-05-31,,,,,,,,,,,,2.1,2.1,1.8,3.3,15.01,1122.7,2205.66,1495.91,2971,1482.8,1488.2,664.7,1961,337.97,5092.1,583.7,263.8196374,98.95,99.96,100.07,99.5,101.07,18.76,6.09,9.27,40.21,6.49,13197.97,5870.93,74.16,100.69,8151.19,12917.21,15491.79,24834.03,12764.29,1283.92,1531.18,70.53,119.52,158.69,19856,18542.3,,11845,,,,,1.7
2019-06-30,6547.6,3685.5,20214,11324.2,308.72,307.26,11216.6,2136.1,10326.8,7507.4,3682.9,1.3,1.9,2,3.1,10.93,1092.9,1524.9,1406.2,3649.5,1757.2,1892.3,765.9,1694,293.29,5191.7,585.2,264.6881194,98.89,99.98,100.04,97,101.81,18.43,6.03,9.27,6.09,6.49,13482.59,5939.43,73.36,99.13,8376.26,13250.51,15834.29,25284.17,13104.78,1180.83,1358.56,63.3,119.56,158.73,19974,15064.5,7.39,11723,,58.3,444151.2982,23043715.5,1.7
2019-07-31,,,,,,,,,,,,2.8,2,2.2,3.2,11.54,1263.9,2151.64,2030.02,3130.4,1641.4,1489,802.4,2202,307.22,4863,587.7,265.7963942,99.99,100.17,100.05,102.7,98.22,17.68,5.39,9.27,7.65,6.49,13681.4,5962.8,73.02,98.61,8576.79,13520.41,16182.18,25642.28,13371.49,1412.73,2288.2,64,119.8,160.88,22312,19229.1,,15581,,,,,1.7
2019-08-31,,,,,,,,,,,,2.9,1.9,2.2,3.2,13.54,1231.7,1609.48,2374.83,3066.9,1631.8,1435.1,800.4,1904,296.12,4642.8,589.3,265.9502657,99.2,100,100.1,100.9,100.22,16.05,5.68,9.22,5.02,6.49,13865.53,6004.29,73.63,98.87,8542.65,13227.43,15948.62,25482.68,13594.45,950.26,1252.17,59.25,119.52,162.27,21926,15563.7,,15332,,,,,1.7
2019-09-30,8610.82,4500.52,20170.4,11432.5,234.24,254.03,11774.9,2111.5,10594.9,8196.2,4180.7,2.1,2,1.8,3,0.75,1519,1978.49,2060.86,3402.2,1729,1673.2,877.9,1911,287.85,5341.1,603.5,266.5888075,100.75,100.09,100.02,101.6,100.69,17.81,6.43,9.22,46.03,6.48,14242.99,6034.11,74.04,99.41,8578.73,13485.83,16217.44,26550.64,13944.71,993.43,1346.33,62.33,119.33,163.88,20932,16940.6,12.37,19332,,57.1,444376.1518,22818314.5,1.7
2019-10-31,,,,,,,,,,,,1.7,2,1.7,3,7.3,1261.2,1742.99,2402.7,3545.5,1794.7,1750.8,868.3,2171,306.83,4503.1,614.2,267.5053363,100.19,100.12,100.92,100.9,99.52,17.94,6.8,9.17,9.12,6.48,14445.83,6144.67,73.98,99.16,8693.82,13579.86,16339.02,26446.94,14176.47,1077.74,1955.25,59.37,119.48,167.16,23837,18176.5,,18766,,,,,1.7
2019-11-30,,,,,,,,,,,,3.1,2.2,2,3.1,8.39,1379.5,1741.68,1858.33,3296.3,1674,1622.3,873.7,2106,312.04,4139.3,623.1,267.9934893,100.9,100.2,100.1,102.2,99.85,17.6,6.14,9.18,31.02,6.44,15116.42,6183.12,73.62,99.1,8827.37,13917.76,16663.41,26742.16,14828.84,929.34,1481.97,62.74,119.81,167.8,23217,18228.4,,23474,,,,,1.7
2019-12-31,9216.35,4554.15,23316.7,13547.6,252.99,297.48,12981.4,2976.9,9784.3,8318.8,6468.6,2.7,2.4,2.3,3.2,13.9,4397.4,4250.58,3085.86,4972.5,2551.6,2420.9,1294.5,2765,329.89,6189.9,634.8,268.1562824,101.1,100.1,100.1,101.4,100.9,16.85,7.95,9.16,14.74,6.44,15298.18,6258.02,73.42,98.98,9501.07,15397.92,18238.61,28866.31,15036.4,1285.2,1332.26,65.86,120.25,169.04,24345,20055,-0.28,23262,,46.7,450440.2419,22714946.3,1.7
2020-01-31,,,,,,,,,,,,1.9,2.4,2.2,3.2,19.1,996.7,1402.91,1821.04,3075.6,1564.3,1511.3,817.6,1887,277.55,4057.5,712.1,268.8794361,101.3,100.3,99.8,101.8,101.09,19.01,7.04,8.97,23.89,6.43,15513.61,6340.77,73.41,99.59,9266.68,15095.75,17946.08,28530.44,15174.15,721.01,2130.23,63.83,120.73,171.33,17061,19214.5,,4206,,,,,1.7
2020-02-29,,,,,,,,,,,,2.4,2.3,2.2,2.9,11.6,968.5,1927.24,1792.1,2783,1430.4,1352.7,596.3,2216,305.78,4244,712.3,269.5045705,101.6,100.1,100.1,100.6,100.05,16.83,7.38,8.66,20.36,6.42,15696.36,6400.88,74.61,101.68,9579.19,15398.18,18299.37,28616.69,15453.48,1066.79,1118.85,55.7,121.13,171.93,18418,17643.9,,3500,,,,,1.7
2020-03-31,5613.38,2820.48,17928.1,10320.7,319.38,365.92,11226.8,2249.2,8821.5,7042.3,3055.3,1.9,2.3,2.3,3.2,0.4,964.2,1924.66,4197.73,3383.6,1846.3,1537.3,592.2,2673,330.56,5141,744.5,270.6448984,102.2,100.2,100,101.2,98.75,14.5,6.38,8.67,27.97,6.42,15637.42,6393.85,76.56,104.93,8530.79,13835.41,16442.77,26721.19,15339.28,850.32,957.36,32.01,121.79,172.91,20475,18822.2,-12.93,7124,,47.1,452450.2996,22669976.7,1.7
2020-04-30,,,,,,,,,,,,1.8,2.4,1.9,3.2,-6.98,974.1,2012.85,1763.34,2273.8,1328.7,945.1,422.4,1939,303.44,3703.2,736.2,271.0740109,100.7,100.1,99.3,99,95.17,13.45,6.69,6.87,69.12,6.42,15146.8,6401.74,78.59,107.43,8705.01,14104.23,16484.15,26291.8,15072.4,745.24,2099.98,18.38,122.8,174.39,17541,13559.4,,5904,,,,,1.7
2020-05-31,,,,,,,,,,,,1.6,2.2,1.9,2.8,-9.18,1004.1,2124.57,953.35,3051.1,1658,1393.1,430.3,2325,294.8,5236.4,728.9,271.3280314,98.7,100.1,100,98.2,96.03,16.3,5.91,8.9,8.63,6.42,14765.7,6414.39,78.36,106.3,9009.77,14796.01,17021.31,26630.22,14523.22,782.39,665.5,29.38,123.13,176.76,17213,13393.6,,9626,,,,,1.7
2020-06-30,6324.45,3565.25,16450.6,11086.4,260.11,310.96,10204.3,2753.7,5445.6,5595.3,3210.3,1.1,2.2,2.2,2.6,-1.27,1048.6,2338.55,1495.17,3678.5,1902,1776.5,481.1,2309,310.67,4995.7,720,272.5013028,98.5,100.1,100.9,98.8,99.78,17.29,5.92,9.1,18.74,6.42,14550.66,6436.31,76.34,102.81,9246.63,14942.9,17169.07,26213.51,14373.89,823.48,714.55,40.27,123.41,178.77,19056,16317.9,-52.08,8776,,44.54,403722.0776,21675555.3,1.7
2020-07-31,,,,,,,,,,,,1.1,2.1,2.4,2.7,-2.91,1632.1,2411.78,1937.43,3117.2,1769.3,1347.9,503.6,2682,364.66,4767,715.4,272.9753951,99.3,100,100,99.3,100.8,15.8,6.72,9.1,106.32,6.41,14585.31,6468.68,76.19,102.08,9722.94,15575.28,17927.6,26711.81,14714.02,911.13,1444.99,43.24,123.84,179.81,19734,17717.8,,12775,,,,,1.7
2020-08-31,,,,,,,,,,,,1.2,1.9,2.1,2.8,-4.99,1094.1,2213.62,1994.51,3201.4,1788.7,1412.7,526.3,2484,303.56,4664.6,710.2,273.5614074,99.5,100,100,99.5,101.73,16.76,7.58,9.13,25.96,6.39,14685.1,6483.87,75.99,101.53,9848.24,15699.04,18109.26,26923.41,14835.45,790.61,748.83,44.74,123.79,181.37,19948,18756.9,,11902,,,,,1.7
2020-09-30,8029.51,4328.31,17965.4,11607.4,223.74,268.17,11438.6,3084.8,5695.9,6830.1,3961.7,1.2,1.6,1.8,2.7,0.12,1747.8,2285.86,2009.85,3490.6,1833.7,1656.9,567.2,2425,299.6,4799.6,706.6,273.7066881,100.2,100,100.1,99.6,100.06,17.31,6.94,9.18,22.73,6.38,14873.66,6491.39,76.91,102.55,9865.63,15925.5,18427.78,26783.28,14944.39,1132.58,698.83,40.91,123.7,183.13,20497,20846.8,-54.18,15853,,56.32,469934.5243,22187230.8,1.7
2020-10-31,,,,,,,,,,,,1.4,2,1.8,2.8,4.48,1110,2080.03,2242.61,3608.3,1913.1,1695.2,632.2,2379,305.76,4447.8,704.5,274.0508341,100.3,100.1,100,100.4,99.62,16.15,6.13,9.18,44.85,6.36,14785.94,6467.77,77.85,103.09,9988.07,16171.27,18573.57,26947.88,15302.4,943.92,1654.8,40.19,124.23,187.03,21882,19714.3,,14830,,,,,1.7
2020-11-30,,,,,,,,,,,,1.6,2.2,2.2,2.8,11.59,1176.4,1411.14,2033.91,3383.1,1817.3,1565.8,658,2474,310.7,4116.3,703.5,274.6783916,100.4,100.1,100.9,100.9,100.1,15.77,6.63,8.28,21.09,6.36,14681.28,6411.46,77.55,102.7,10164.56,16232.41,18613.84,27147.1,15140.64,901.84,826.43,42.69,125.11,191.33,22756,21142.7,,18901,,,,,1.7
2020-12-31,8651.16,4384.76,20088.1,13114.9,232.2,299.1,10993.7,3451.4,5891.9,6946.6,6800.8,2.1,2.5,1,2.9,8.63,4311.5,4283.1,2438.15,5120.2,2833,2287.2,771.2,3158,338.61,5553,707.3,275.5597814,101.8,100.1,100,100.6,101.21,14.83,6.34,8,28.84,6.36,14530.42,6369.44,75.6,100.34,10773.39,17864.59,20305.48,29185.81,14933.87,1061.41,680.22,49.99,126.15,193.72,25060,22386.8,-44.03,18158,,58.3,475585.6034,22422262.2,1.7
2021-01-31,,,,,,,,,,,,1.73,2.6,2.15,3.08,8.75,724,1231.94,2320.68,3154.8,1665,1489.8,620.3,2237,292.83,4011.2,690.9,277.7043409,101.4,102.5,100,103.2,107.77,16.3,6.72,8.04,16.92,6.34,14587.2,6365.22,74.93,99.93,10329.9,16944.08,19488.34,28112.28,14877.4,790.33,1623.97,54.77,127,196.98,17737,18084.6,,3610.4,,,,,1.7
2021-02-28,,,,,,,,,,,,1.82,2.5,1.99,2.75,0.11,614.4,2237.86,1708.71,2873.1,1540,1333.1,593.2,2585,289.99,3968.7,692.3,280.7677837,102.1,100.3,102,100.4,100.85,15.43,5.88,8.38,58.53,6.34,14619.55,6367.62,74.68,100.62,10457.96,16988.62,19587.87,28578.03,14940.18,823.12,1163.97,62.28,127.99,198.77,21101,19303.4,,3480.1,,,,,1.7
2021-03-31,5540.3,2901.6,18727.7,10692.8,340.15,373.3,11221.8,3005.5,7724.6,6482.5,2638.2,1.91,2.7,2.15,2.99,1.84,1026.8,2053.93,1707.04,3496.9,1972.6,1524.3,611,3126,283.15,5476,713.2,281.4862626,101.8,100.2,100.1,100.5,101.86,16.63,6.03,8.37,39.77,6.34,14728.03,6356.22,75.91,102.2,10589.62,17633.32,20319.9,29299.49,14973.67,917.96,1350.06,65.41,128.83,200.91,25908,23626.4,-51.89,3905.7,,55.1,485910.0889,22640705.3,1.7
2021-04-30,,,,,,,,,,,,1.88,2.5,1.83,2.74,6.78,1387.6,2003.97567,2497.8404,2498.2,1426.2,1072,546.8,2710,282.06,3582,722.3,281.4862626,100.4,100.3,100.2,100.9,101.7,16.77,5.97,8.24,37.31,6.34,14987.49585,6367.617681,77.57,103.95,10555.48395,18075.244,20889.34987,29753.87584,15250.67164,998.24,2226.34,64.81,129.58,204.28,26272,21841.5,,3905.4,,,,,1.7
2021-05-31,,,,,,,,,,,,1.89,2.3,1.78,2.75,3.71,1154.2,1838.56786,1500.9162,3217.6,1777.4,1440.2,547.7,2831,278.69,5052.1,724,280.0788313,99.4,100.6,100.5,99,101.06,16.42,5.61,8.3,35.79,6.33,15067.06831,6460.351477,76.82,102.45,10654.93417,18735.66382,21612.49612,30456.96971,15323.94478,863.23,1062.94,68.53,130.54,206.09,24610,20626.6,,3931.9,,,,,1.7
2021-06-30,6671.7,3999.2,21341.1,12704.9,319.87,317.69,11660.7,3117.8,9118.6,6589.4,3281.2,1.83,2.45,2.08,2.87,10.93,1012.4,2224.22028,2019.7927,4142.5,2055.6,2086.9,586.1,2903,270.9,5490.7,724.4,282.5995408,98.6,100.3,100.1,97.8,101.04,16.3,6.28,8.22,32.75,6.32,15258.05819,6455.259,76.98,101.44,10737.54846,18542.4017,21480.73446,30293.93608,15573.90928,997.15,1383.9,73.16,131.44,210.1,25582,22625.7,-50,4261.8,,54.6,490286.285,23423863.2,1.7
2021-07-31,,,,,,,,,,,,1.31,2.76,2.43,2.92,7.72,1139.9,2091.05,2294.32,3548,1942.6,1605.4,626,3225,287.52,4740.3,728.5,284.0125385,100.3,100.2,102.1,99.5,104,15.88,6.26,8.22,27.12,6.32,15367.67298,6496.512222,77.66,102.66,11049.62734,18791.42961,21840.93786,31507.31667,15633.96586,907.22,2582.44972,75.17,131.85,213.89,26294,20691.4,,4421.3,,,,,1.7
2021-08-31,,,,,,,,,,,,1.38,2.84,2.53,2.95,5.93,1200.1,1945.2273,1888.23682,3528.9,1967.5,1561.4,616.6,3042,269.97,4849.4,725.6,289.1247642,100.8,100.3,100.2,99.9,101.9,,,8,25.72,6.32,15607.97911,7042.553481,77.44,102.38,10989.5,18944.11,21946.91,31289.16,15866.60133,1051.55,1542.04,70.75,132.07,216.28,NaN,23175.3,,4553,,,,,1.7
2021-09-30,NaN,NaN,NaN,NaN,NaN,NaN,NaN,NaN,NaN,NaN,NaN,1.27,2.8,1.8,2.8177,9.69,1300.8,2085.1218,1934.11272,3890.1,2059.4,1830.7,625,3294,270.78,5081.3,NaN,294.3290099,102.6,100.8,101.5,103.7,100.79,,,7.9,26.18,6.32,15957.30383,7033.846078,77.36,103.46,11039.44814,19265.4111,22407.21306,32212.13631,16176.23064,995.08,1694.85,74.49,NaN,218.99,NaN,NaN,-36,4488.7,,56.1,NaN,NaN,1.7